factura,n_productos_cesta,muestra_cesta,producto_recomendado,basado_en,confianza,lift,soporte
571913,70,CHRISTMAS LIGHTS 10 REINDEER | JINGLE BELL HEART ANTIQUE SILVER | WOOD STAMP SET THANK YOU,ALARM CLOCK BAKELIKE GREEN,ALARM CLOCK BAKELIKE RED,0.5989,14.4493,0.0273
571913,70,CHRISTMAS LIGHTS 10 REINDEER | JINGLE BELL HEART ANTIQUE SILVER | WOOD STAMP SET THANK YOU,JUMBO BAG STRAWBERRY,JUMBO BAG RED RETROSPOT,0.273,7.3055,0.0237
571913,70,CHRISTMAS LIGHTS 10 REINDEER | JINGLE BELL HEART ANTIQUE SILVER | WOOD STAMP SET THANK YOU,JUMBO BAG PINK POLKADOT,JUMBO BAG RED RETROSPOT,0.3497,7.1686,0.0304
577473,72,AREA PATROLLED METAL SIGN | FANCY FONTS BIRTHDAY WRAP | YOU'RE CONFUSING ME METAL SIGN,GARDENERS KNEELING PAD KEEP CALM,GARDENERS KNEELING PAD CUP OF TEA,0.7305,16.3872,0.0275
577473,72,AREA PATROLLED METAL SIGN | FANCY FONTS BIRTHDAY WRAP | YOU'RE CONFUSING ME METAL SIGN,LUNCH BAG WOODLAND,LUNCH BAG SPACEBOY DESIGN,0.3963,9.7884,0.0208
577473,72,AREA PATROLLED METAL SIGN | FANCY FONTS BIRTHDAY WRAP | YOU'RE CONFUSING ME METAL SIGN,LUNCH BAG PINK POLKADOT,LUNCH BAG CARS BLUE,0.449,8.8133,0.0238
552861,4,JUMBO STORAGE BAG SUKI | JUMBO SHOPPER VINTAGE RED PAISLEY | JUMBO BAG PINK POLKADOT,JUMBO BAG RED RETROSPOT,JUMBO BAG PINK POLKADOT,0.6232,7.1686,0.0304
552861,4,JUMBO STORAGE BAG SUKI | JUMBO SHOPPER VINTAGE RED PAISLEY | JUMBO BAG PINK POLKADOT,ROSES REGENCY TEACUP AND SAUCER,REGENCY CAKESTAND 3 TIER,0.2496,6.1292,0.0211
551420,17,RED RETROSPOT PICNIC BAG | PICNIC BASKET WICKER LARGE | JUMBO BAG SCANDINAVIAN BLUE PAISLEY,LUNCH BAG CARS BLUE,LUNCH BAG PINK POLKADOT,0.467,8.8133,0.0238
551420,17,RED RETROSPOT PICNIC BAG | PICNIC BASKET WICKER LARGE | JUMBO BAG SCANDINAVIAN BLUE PAISLEY,LUNCH BAG  BLACK SKULL.,LUNCH BAG PINK POLKADOT,0.5212,8.7112,0.0266
551420,17,RED RETROSPOT PICNIC BAG | PICNIC BASKET WICKER LARGE | JUMBO BAG SCANDINAVIAN BLUE PAISLEY,LUNCH BAG RED RETROSPOT,LUNCH BAG PINK POLKADOT,0.5554,8.255,0.0283
541252,8,"PHOTO FRAME CORNICE | ROSE SCENT CANDLE IN JEWELLED BOX | STRING OF 8 BUTTERFLIES,PINK",RED HANGING HEART T-LIGHT HOLDER,WHITE HANGING HEART T-LIGHT HOLDER,0.2272,5.8903,0.0257
537131,35,AGED GLASS SILVER T-LIGHT HOLDER | ASSORTED COLOUR BIRD ORNAMENT | ROCKING HORSE GREEN CHRISTMAS,HEART OF WICKER SMALL,HEART OF WICKER LARGE,0.5032,9.0254,0.0239
568951,19,SET OF 4 ENGLISH ROSE PLACEMATS | PINK FLOWER CROCHET FOOD COVER | WATERING CAN PINK BUNNY,ROSES REGENCY TEACUP AND SAUCER,REGENCY CAKESTAND 3 TIER,0.2496,6.1292,0.0211
561814,13,VINTAGE  2 METER FOLDING RULER | PAPER BUNTING VINTAGE PAISLEY | SET/4 WHITE RETRO STORAGE CUBES,SPOTTY BUNTING,PARTY BUNTING,0.2783,5.1019,0.0216
554520,48,PARTY INVITES WOODLAND | 200 RED + WHITE BENDY STRAWS | GUMBALL COAT RACK,GARDENERS KNEELING PAD KEEP CALM,GARDENERS KNEELING PAD CUP OF TEA,0.7305,16.3872,0.0275
554520,48,PARTY INVITES WOODLAND | 200 RED + WHITE BENDY STRAWS | GUMBALL COAT RACK,LUNCH BAG  BLACK SKULL.,LUNCH BAG PINK POLKADOT,0.5212,8.7112,0.0266
554520,48,PARTY INVITES WOODLAND | 200 RED + WHITE BENDY STRAWS | GUMBALL COAT RACK,LUNCH BAG RED RETROSPOT,LUNCH BAG PINK POLKADOT,0.5554,8.255,0.0283
562346,18,PACK OF 60 DINOSAUR CAKE CASES | FUNKY DIVA PEN | PENS ASSORTED SPACEBALL,LUNCH BAG PINK POLKADOT,LUNCH BAG CARS BLUE,0.449,8.8133,0.0238
562346,18,PACK OF 60 DINOSAUR CAKE CASES | FUNKY DIVA PEN | PENS ASSORTED SPACEBALL,LUNCH BAG SUKI DESIGN,LUNCH BAG CARS BLUE,0.4116,8.1949,0.0218
562346,18,PACK OF 60 DINOSAUR CAKE CASES | FUNKY DIVA PEN | PENS ASSORTED SPACEBALL,LUNCH BAG SPACEBOY DESIGN,LUNCH BAG CARS BLUE,0.4116,7.8475,0.0218
570886,22,TOAST ITS - BEST MUM | STRAWBERRY CERAMIC TRINKET BOX | VINTAGE UNION JACK SHOPPING BAG,LUNCH BAG PINK POLKADOT,LUNCH BAG  BLACK SKULL.,0.4438,8.7112,0.0266
570886,22,TOAST ITS - BEST MUM | STRAWBERRY CERAMIC TRINKET BOX | VINTAGE UNION JACK SHOPPING BAG,LUNCH BAG WOODLAND,LUNCH BAG RED RETROSPOT,0.325,8.0266,0.0219
570886,22,TOAST ITS - BEST MUM | STRAWBERRY CERAMIC TRINKET BOX | VINTAGE UNION JACK SHOPPING BAG,LUNCH BAG SUKI DESIGN,LUNCH BAG  BLACK SKULL.,0.3946,7.8566,0.0236
579848,10,FLUTED ANTIQUE CANDLE HOLDER | ANTIQUE ALL GLASS CANDLESTICK | JUMBO BAG VINTAGE CHRISTMAS,PAPER CHAIN KIT 50'S CHRISTMAS,PAPER CHAIN KIT VINTAGE CHRISTMAS,0.6455,11.3703,0.0263
538403,22,SILVER HANGING T-LIGHT HOLDER | TEA FOR ONE POLKADOT | GARLAND WITH STARS AND BELLS,PAPER CHAIN KIT VINTAGE CHRISTMAS,PAPER CHAIN KIT 50'S CHRISTMAS,0.4624,11.3703,0.0263
561693,21,PINK PAISLEY ROSE GIFT WRAP | FAIRY CAKE BIRTHDAY CANDLE SET | WRAP ENGLISH ROSE,SPOTTY BUNTING,PARTY BUNTING,0.2783,5.1019,0.0216
577500,56,QUEEN OF THE SKIES PASSPORT COVER | ROSES REGENCY TEACUP AND SAUCER | YOU'RE CONFUSING ME METAL SIGN,PINK REGENCY TEACUP AND SAUCER,GREEN REGENCY TEACUP AND SAUCER,0.5572,24.2167,0.0205
577500,56,QUEEN OF THE SKIES PASSPORT COVER | ROSES REGENCY TEACUP AND SAUCER | YOU'RE CONFUSING ME METAL SIGN,GARDENERS KNEELING PAD CUP OF TEA,GARDENERS KNEELING PAD KEEP CALM,0.6173,16.3872,0.0275
577500,56,QUEEN OF THE SKIES PASSPORT COVER | ROSES REGENCY TEACUP AND SAUCER | YOU'RE CONFUSING ME METAL SIGN,REGENCY CAKESTAND 3 TIER,ROSES REGENCY TEACUP AND SAUCER,0.5192,6.1292,0.0211
552274,9,JUMBO BAG DOILEY PATTERNS | JUMBO BAG VINTAGE LEAF | PAPER LANTERN 9 POINT HOLLY STAR 23,JUMBO BAG STRAWBERRY,JUMBO BAG RED RETROSPOT,0.273,7.3055,0.0237
552274,9,JUMBO BAG DOILEY PATTERNS | JUMBO BAG VINTAGE LEAF | PAPER LANTERN 9 POINT HOLLY STAR 23,JUMBO BAG PINK POLKADOT,JUMBO BAG RED RETROSPOT,0.3497,7.1686,0.0304
552274,9,JUMBO BAG DOILEY PATTERNS | JUMBO BAG VINTAGE LEAF | PAPER LANTERN 9 POINT HOLLY STAR 23,JUMBO STORAGE BAG SUKI,JUMBO BAG RED RETROSPOT,0.282,6.5188,0.0245
569565,25,FANCY FONTS BIRTHDAY WRAP | RED RETROSPOT WRAP | LUNCH BAG PINK POLKADOT,LUNCH BAG RED RETROSPOT,LUNCH BAG PINK POLKADOT,0.5554,8.255,0.0283
556239,9,VICTORIAN GLASS HANGING T-LIGHT | DOORMAT VINTAGE LEAVES DESIGN | NATURAL SLATE HEART CHALKBOARD,HEART OF WICKER LARGE,HEART OF WICKER SMALL,0.4289,9.0254,0.0239
556239,9,VICTORIAN GLASS HANGING T-LIGHT | DOORMAT VINTAGE LEAVES DESIGN | NATURAL SLATE HEART CHALKBOARD,PARTY BUNTING,SPOTTY BUNTING,0.3954,5.1019,0.0216
567294,22,JAM MAKING SET PRINTED | SET OF 4 KNICK KNACK TINS DOILY | HOME SWEET HOME HANGING HEART,PAPER CHAIN KIT 50'S CHRISTMAS,PAPER CHAIN KIT VINTAGE CHRISTMAS,0.6455,11.3703,0.0263
566326,23,ROSES REGENCY TEACUP AND SAUCER | CLASSIC METAL BIRDCAGE PLANT HOLDER | LUNCH BAG PINK POLKADOT,LUNCH BAG CARS BLUE,LUNCH BAG PINK POLKADOT,0.467,8.8133,0.0238
566326,23,ROSES REGENCY TEACUP AND SAUCER | CLASSIC METAL BIRDCAGE PLANT HOLDER | LUNCH BAG PINK POLKADOT,LUNCH BAG  BLACK SKULL.,LUNCH BAG PINK POLKADOT,0.5212,8.7112,0.0266
566326,23,ROSES REGENCY TEACUP AND SAUCER | CLASSIC METAL BIRDCAGE PLANT HOLDER | LUNCH BAG PINK POLKADOT,LUNCH BAG RED RETROSPOT,LUNCH BAG PINK POLKADOT,0.5554,8.255,0.0283
543285,25,DOORMAT RED RETROSPOT | WOOD BLACK BOARD ANT WHITE FINISH | GINGHAM HEART DECORATION,ROSES REGENCY TEACUP AND SAUCER,REGENCY CAKESTAND 3 TIER,0.2496,6.1292,0.0211
543285,25,DOORMAT RED RETROSPOT | WOOD BLACK BOARD ANT WHITE FINISH | GINGHAM HEART DECORATION,SPOTTY BUNTING,PARTY BUNTING,0.2783,5.1019,0.0216
550179,13,FULL ENGLISH BREAKFAST PLATE | PARTY METAL SIGN | BAKING SET 9 PIECE RETROSPOT,RED HANGING HEART T-LIGHT HOLDER,WHITE HANGING HEART T-LIGHT HOLDER,0.2272,5.8903,0.0257
578627,10,JUMBO BAG VINTAGE DOILY | JUMBO BAG ALPHABET | JUMBO BAG APPLES,JUMBO BAG STRAWBERRY,JUMBO BAG RED RETROSPOT,0.273,7.3055,0.0237
578627,10,JUMBO BAG VINTAGE DOILY | JUMBO BAG ALPHABET | JUMBO BAG APPLES,JUMBO BAG PINK POLKADOT,JUMBO BAG RED RETROSPOT,0.3497,7.1686,0.0304
578627,10,JUMBO BAG VINTAGE DOILY | JUMBO BAG ALPHABET | JUMBO BAG APPLES,JUMBO STORAGE BAG SUKI,JUMBO BAG RED RETROSPOT,0.282,6.5188,0.0245
570275,29,SILVER HANGING T-LIGHT HOLDER | ANTIQUE SILVER T-LIGHT GLASS | JUMBO BAG VINTAGE CHRISTMAS,PAPER CHAIN KIT VINTAGE CHRISTMAS,PAPER CHAIN KIT 50'S CHRISTMAS,0.4624,11.3703,0.0263
570275,29,SILVER HANGING T-LIGHT HOLDER | ANTIQUE SILVER T-LIGHT GLASS | JUMBO BAG VINTAGE CHRISTMAS,LUNCH BAG PINK POLKADOT,LUNCH BAG  BLACK SKULL.,0.4438,8.7112,0.0266
570275,29,SILVER HANGING T-LIGHT HOLDER | ANTIQUE SILVER T-LIGHT GLASS | JUMBO BAG VINTAGE CHRISTMAS,LUNCH BAG SUKI DESIGN,LUNCH BAG  BLACK SKULL.,0.3946,7.8566,0.0236
544935,34,CARD DOG AND BALL | BIRTHDAY BANQUET GIFT WRAP | ASSORTED COLOUR BIRD ORNAMENT,ROSES REGENCY TEACUP AND SAUCER,REGENCY CAKESTAND 3 TIER,0.2496,6.1292,0.0211
546768,6,BLACK RECORD COVER FRAME | GUMBALL MAGAZINE RACK | SET OF 3 BLACK FLYING DUCKS,ROSES REGENCY TEACUP AND SAUCER,REGENCY CAKESTAND 3 TIER,0.2496,6.1292,0.0211
546768,6,BLACK RECORD COVER FRAME | GUMBALL MAGAZINE RACK | SET OF 3 BLACK FLYING DUCKS,SPOTTY BUNTING,PARTY BUNTING,0.2783,5.1019,0.0216
553887,9,LUNCH BAG  BLACK SKULL. | LUNCH BAG WOODLAND | LUNCH BAG SUKI DESIGN,LUNCH BAG SPACEBOY DESIGN,LUNCH BAG WOODLAND,0.5134,9.7884,0.0208
553887,9,LUNCH BAG  BLACK SKULL. | LUNCH BAG WOODLAND | LUNCH BAG SUKI DESIGN,LUNCH BAG PINK POLKADOT,LUNCH BAG  BLACK SKULL.,0.4438,8.7112,0.0266
553887,9,LUNCH BAG  BLACK SKULL. | LUNCH BAG WOODLAND | LUNCH BAG SUKI DESIGN,LUNCH BAG CARS BLUE,LUNCH BAG SUKI DESIGN,0.4342,8.1949,0.0218
556780,26,RED KITCHEN SCALES | CREAM SLICE FLANNEL PINK SPOT | RED RETROSPOT SHOPPER BAG,ROSES REGENCY TEACUP AND SAUCER,REGENCY CAKESTAND 3 TIER,0.2496,6.1292,0.0211
571118,4,LUNCH BAG APPLE DESIGN | DECORATIVE WICKER HEART LARGE | DECORATIVE WICKER HEART MEDIUM,LUNCH BAG RED RETROSPOT,LUNCH BAG APPLE DESIGN,0.4464,6.6343,0.02
563350,45,JUMBO BAG STRAWBERRY | SET/20 STRAWBERRY PAPER NAPKINS | GIANT 50'S CHRISTMAS CRACKER,LUNCH BAG SPACEBOY DESIGN,LUNCH BAG WOODLAND,0.5134,9.7884,0.0208
563350,45,JUMBO BAG STRAWBERRY | SET/20 STRAWBERRY PAPER NAPKINS | GIANT 50'S CHRISTMAS CRACKER,LUNCH BAG RED RETROSPOT,LUNCH BAG WOODLAND,0.5401,8.0266,0.0219
563350,45,JUMBO BAG STRAWBERRY | SET/20 STRAWBERRY PAPER NAPKINS | GIANT 50'S CHRISTMAS CRACKER,JUMBO BAG RED RETROSPOT,JUMBO BAG STRAWBERRY,0.635,7.3055,0.0237
573564,40,EMBROIDERED RIBBON REEL ROSIE | 6 GIFT TAGS 50'S CHRISTMAS | CHOCOLATE HOT WATER BOTTLE,SPOTTY BUNTING,PARTY BUNTING,0.2783,5.1019,0.0216
566708,11,RED WOOLLY HOTTIE WHITE HEART. | PLEASE ONE PERSON METAL SIGN | RIBBON REEL SNOWY VILLAGE,PAPER CHAIN KIT 50'S CHRISTMAS,PAPER CHAIN KIT VINTAGE CHRISTMAS,0.6455,11.3703,0.0263
569248,35,CHRISTMAS LIGHTS 10 REINDEER | BULL DOG BOTTLE OPENER | DOORMAT SPOTTY HOME SWEET HOME,ROSES REGENCY TEACUP AND SAUCER,REGENCY CAKESTAND 3 TIER,0.2496,6.1292,0.0211
567672,48,HOME BUILDING BLOCK WORD | SET OF 3 WOODEN STOCKING DECORATION | HEADS AND TAILS SPORTING FUN,RED HANGING HEART T-LIGHT HOLDER,WHITE HANGING HEART T-LIGHT HOLDER,0.2272,5.8903,0.0257
575866,5,ROSES REGENCY TEACUP AND SAUCER | RABBIT NIGHT LIGHT | GREEN REGENCY TEACUP AND SAUCER,PINK REGENCY TEACUP AND SAUCER,GREEN REGENCY TEACUP AND SAUCER,0.5572,24.2167,0.0205
575866,5,ROSES REGENCY TEACUP AND SAUCER | RABBIT NIGHT LIGHT | GREEN REGENCY TEACUP AND SAUCER,REGENCY CAKESTAND 3 TIER,ROSES REGENCY TEACUP AND SAUCER,0.5192,6.1292,0.0211
575866,5,ROSES REGENCY TEACUP AND SAUCER | RABBIT NIGHT LIGHT | GREEN REGENCY TEACUP AND SAUCER,SPOTTY BUNTING,PARTY BUNTING,0.2783,5.1019,0.0216
553751,21,WOOD STAMP SET THANK YOU | ORANGE VOTIVE CANDLE | BLUE GIANT GARDEN THERMOMETER,JUMBO BAG RED RETROSPOT,JUMBO STORAGE BAG SUKI,0.5667,6.5188,0.0245
553751,21,WOOD STAMP SET THANK YOU | ORANGE VOTIVE CANDLE | BLUE GIANT GARDEN THERMOMETER,ROSES REGENCY TEACUP AND SAUCER,REGENCY CAKESTAND 3 TIER,0.2496,6.1292,0.0211
553751,21,WOOD STAMP SET THANK YOU | ORANGE VOTIVE CANDLE | BLUE GIANT GARDEN THERMOMETER,SPOTTY BUNTING,PARTY BUNTING,0.2783,5.1019,0.0216
565439,29,HOME BUILDING BLOCK WORD | FUNKY DIVA PEN | AGED GLASS SILVER T-LIGHT HOLDER,LUNCH BAG CARS BLUE,LUNCH BAG SUKI DESIGN,0.4342,8.1949,0.0218
565439,29,HOME BUILDING BLOCK WORD | FUNKY DIVA PEN | AGED GLASS SILVER T-LIGHT HOLDER,LUNCH BAG SPACEBOY DESIGN,LUNCH BAG SUKI DESIGN,0.4163,7.9372,0.0209
565439,29,HOME BUILDING BLOCK WORD | FUNKY DIVA PEN | AGED GLASS SILVER T-LIGHT HOLDER,LUNCH BAG  BLACK SKULL.,LUNCH BAG SUKI DESIGN,0.4701,7.8566,0.0236
539570,14,JUMBO BAG SCANDINAVIAN PAISLEY | LUNCH BAG RED RETROSPOT | SET/5 RED RETROSPOT LID GLASS BOWLS,LUNCH BAG PINK POLKADOT,LUNCH BAG RED RETROSPOT,0.4205,8.255,0.0283
539570,14,JUMBO BAG SCANDINAVIAN PAISLEY | LUNCH BAG RED RETROSPOT | SET/5 RED RETROSPOT LID GLASS BOWLS,LUNCH BAG WOODLAND,LUNCH BAG RED RETROSPOT,0.325,8.0266,0.0219
539570,14,JUMBO BAG SCANDINAVIAN PAISLEY | LUNCH BAG RED RETROSPOT | SET/5 RED RETROSPOT LID GLASS BOWLS,JUMBO BAG STRAWBERRY,JUMBO BAG RED RETROSPOT,0.273,7.3055,0.0237
572882,34,TUSCAN VILLA BIRD TABLE | 6 GIFT TAGS 50'S CHRISTMAS | SILVER BELLS TABLE DECORATION,LUNCH BAG CARS BLUE,LUNCH BAG SUKI DESIGN,0.4342,8.1949,0.0218
572882,34,TUSCAN VILLA BIRD TABLE | 6 GIFT TAGS 50'S CHRISTMAS | SILVER BELLS TABLE DECORATION,LUNCH BAG SPACEBOY DESIGN,LUNCH BAG SUKI DESIGN,0.4163,7.9372,0.0209
572882,34,TUSCAN VILLA BIRD TABLE | 6 GIFT TAGS 50'S CHRISTMAS | SILVER BELLS TABLE DECORATION,LUNCH BAG  BLACK SKULL.,LUNCH BAG SUKI DESIGN,0.4701,7.8566,0.0236
576645,39,FOLKART STAR CHRISTMAS DECORATIONS | SET OF 3 WOODEN STOCKING DECORATION | WHITE WICKER STAR,WOODEN PICTURE FRAME WHITE FINISH,WOODEN FRAME ANTIQUE WHITE,0.5842,11.3868,0.0275
562105,11,PLASTERS IN TIN STRONGMAN | MINIATURE ANTIQUE ROSE HOOK IVORY | VINTAGE CHRISTMAS STOCKING,PARTY BUNTING,SPOTTY BUNTING,0.3954,5.1019,0.0216
566607,44,HOT WATER BOTTLE SEX BOMB | WOODEN UNION JACK BUNTING | DOORMAT FAIRY CAKE,ROSES REGENCY TEACUP AND SAUCER,GREEN REGENCY TEACUP AND SAUCER,0.5572,24.2167,0.0205
566607,44,HOT WATER BOTTLE SEX BOMB | WOODEN UNION JACK BUNTING | DOORMAT FAIRY CAKE,LUNCH BAG PINK POLKADOT,LUNCH BAG CARS BLUE,0.449,8.8133,0.0238
566607,44,HOT WATER BOTTLE SEX BOMB | WOODEN UNION JACK BUNTING | DOORMAT FAIRY CAKE,LUNCH BAG WOODLAND,LUNCH BAG RED RETROSPOT,0.325,8.0266,0.0219
554372,19,LARGE CERAMIC TOP STORAGE JAR | ROSES REGENCY TEACUP AND SAUCER | WASHROOM METAL SIGN,GREEN REGENCY TEACUP AND SAUCER,ROSES REGENCY TEACUP AND SAUCER,0.5029,20.723,0.0205
554372,19,LARGE CERAMIC TOP STORAGE JAR | ROSES REGENCY TEACUP AND SAUCER | WASHROOM METAL SIGN,PINK REGENCY TEACUP AND SAUCER,ROSES REGENCY TEACUP AND SAUCER,0.5029,20.723,0.0205
554372,19,LARGE CERAMIC TOP STORAGE JAR | ROSES REGENCY TEACUP AND SAUCER | WASHROOM METAL SIGN,WOODEN FRAME ANTIQUE WHITE,WOODEN PICTURE FRAME WHITE FINISH,0.5363,11.3868,0.0275
548185,22,STRAWBERRY CERAMIC TRINKET BOX | JAM MAKING SET PRINTED | DOORMAT RED RETROSPOT,WOODEN PICTURE FRAME WHITE FINISH,WOODEN FRAME ANTIQUE WHITE,0.5842,11.3868,0.0275
548185,22,STRAWBERRY CERAMIC TRINKET BOX | JAM MAKING SET PRINTED | DOORMAT RED RETROSPOT,RED HANGING HEART T-LIGHT HOLDER,WHITE HANGING HEART T-LIGHT HOLDER,0.2272,5.8903,0.0257
559784,9,JUMBO BAG VINTAGE CHRISTMAS | LUNCH BOX I LOVE LONDON | HANGING HEART JAR T-LIGHT HOLDER,JUMBO BAG RED RETROSPOT,JUMBO BAG PINK POLKADOT,0.6232,7.1686,0.0304
542647,28,ASSORTED EASTER GIFT TAGS | ROSES REGENCY TEACUP AND SAUCER | GUMBALL COAT RACK,PINK REGENCY TEACUP AND SAUCER,GREEN REGENCY TEACUP AND SAUCER,0.5572,24.2167,0.0205
542647,28,ASSORTED EASTER GIFT TAGS | ROSES REGENCY TEACUP AND SAUCER | GUMBALL COAT RACK,REGENCY CAKESTAND 3 TIER,ROSES REGENCY TEACUP AND SAUCER,0.5192,6.1292,0.0211
564088,15,LUNCH BAG RED RETROSPOT | LUNCH BAG VINTAGE DOILY | RECIPE BOX RETROSPOT,LUNCH BAG PINK POLKADOT,LUNCH BAG RED RETROSPOT,0.4205,8.255,0.0283
564088,15,LUNCH BAG RED RETROSPOT | LUNCH BAG VINTAGE DOILY | RECIPE BOX RETROSPOT,LUNCH BAG WOODLAND,LUNCH BAG RED RETROSPOT,0.325,8.0266,0.0219
564088,15,LUNCH BAG RED RETROSPOT | LUNCH BAG VINTAGE DOILY | RECIPE BOX RETROSPOT,LUNCH BAG SUKI DESIGN,LUNCH BAG RED RETROSPOT,0.3661,7.289,0.0246
554013,26,LARGE CERAMIC TOP STORAGE JAR | ROSES REGENCY TEACUP AND SAUCER | PAPER BUNTING VINTAGE PAISLEY,GREEN REGENCY TEACUP AND SAUCER,ROSES REGENCY TEACUP AND SAUCER,0.5029,20.723,0.0205
554013,26,LARGE CERAMIC TOP STORAGE JAR | ROSES REGENCY TEACUP AND SAUCER | PAPER BUNTING VINTAGE PAISLEY,PINK REGENCY TEACUP AND SAUCER,ROSES REGENCY TEACUP AND SAUCER,0.5029,20.723,0.0205
554013,26,LARGE CERAMIC TOP STORAGE JAR | ROSES REGENCY TEACUP AND SAUCER | PAPER BUNTING VINTAGE PAISLEY,REGENCY CAKESTAND 3 TIER,ROSES REGENCY TEACUP AND SAUCER,0.5192,6.1292,0.0211
554705,5,FELTCRAFT CUSHION BUTTERFLY | FELTCRAFT DOLL ROSIE | FELTCRAFT CUSHION OWL,LUNCH BAG WOODLAND,LUNCH BAG SPACEBOY DESIGN,0.3963,9.7884,0.0208
554705,5,FELTCRAFT CUSHION BUTTERFLY | FELTCRAFT DOLL ROSIE | FELTCRAFT CUSHION OWL,LUNCH BAG SUKI DESIGN,LUNCH BAG SPACEBOY DESIGN,0.3986,7.9372,0.0209
554705,5,FELTCRAFT CUSHION BUTTERFLY | FELTCRAFT DOLL ROSIE | FELTCRAFT CUSHION OWL,LUNCH BAG CARS BLUE,LUNCH BAG SPACEBOY DESIGN,0.4158,7.8475,0.0218
557469,32,CLASSIC METAL BIRDCAGE PLANT HOLDER | BIRDCAGE DECORATION TEALIGHT HOLDER | HANGING HEART MIRROR DECORATION,SPOTTY BUNTING,PARTY BUNTING,0.2783,5.1019,0.0216
563706,27,TOXIC AREA  DOOR HANGER | ASSORTED COLOUR BIRD ORNAMENT | METAL SIGN EMPIRE TEA,ALARM CLOCK BAKELIKE GREEN,ALARM CLOCK BAKELIKE RED,0.5989,14.4493,0.0273
563706,27,TOXIC AREA  DOOR HANGER | ASSORTED COLOUR BIRD ORNAMENT | METAL SIGN EMPIRE TEA,PAPER CHAIN KIT 50'S CHRISTMAS,PAPER CHAIN KIT VINTAGE CHRISTMAS,0.6455,11.3703,0.0263
563706,27,TOXIC AREA  DOOR HANGER | ASSORTED COLOUR BIRD ORNAMENT | METAL SIGN EMPIRE TEA,RED HANGING HEART T-LIGHT HOLDER,WHITE HANGING HEART T-LIGHT HOLDER,0.2272,5.8903,0.0257
568387,22,MIRRORED DOVE WALL DECORATION | RED DINER WALL CLOCK | 72 SWEETHEART FAIRY CAKE CASES,HEART OF WICKER LARGE,HEART OF WICKER SMALL,0.4289,9.0254,0.0239
553709,15,ROSES REGENCY TEACUP AND SAUCER | ASSORTED COLOUR BIRD ORNAMENT | SET 7 BABUSHKA NESTING BOXES,ALARM CLOCK BAKELIKE GREEN,ALARM CLOCK BAKELIKE RED,0.5989,14.4493,0.0273
562216,5,JUMBO BAG RED RETROSPOT | JUMBO BAG STRAWBERRY | JUMBO BAG APPLES,JUMBO BAG PINK POLKADOT,JUMBO BAG RED RETROSPOT,0.3497,7.1686,0.0304
562216,5,JUMBO BAG RED RETROSPOT | JUMBO BAG STRAWBERRY | JUMBO BAG APPLES,JUMBO STORAGE BAG SUKI,JUMBO BAG RED RETROSPOT,0.282,6.5188,0.0245
562216,5,JUMBO BAG RED RETROSPOT | JUMBO BAG STRAWBERRY | JUMBO BAG APPLES,JUMBO  BAG BAROQUE BLACK WHITE,JUMBO BAG RED RETROSPOT,0.2398,6.3767,0.0208
549526,32,FANCY FONTS BIRTHDAY WRAP | ANTIQUE SILVER T-LIGHT GLASS | 200 RED + WHITE BENDY STRAWS,JUMBO BAG RED RETROSPOT,JUMBO STORAGE BAG SUKI,0.5667,6.5188,0.0245
551982,102,ASSORTED COLOUR BIRD ORNAMENT | CERAMIC HEART FAIRY CAKE MONEY BANK | RED RETROSPOT SHOPPER BAG,LUNCH BAG SPACEBOY DESIGN,LUNCH BAG WOODLAND,0.5134,9.7884,0.0208
551982,102,ASSORTED COLOUR BIRD ORNAMENT | CERAMIC HEART FAIRY CAKE MONEY BANK | RED RETROSPOT SHOPPER BAG,JUMBO BAG STRAWBERRY,JUMBO BAG RED RETROSPOT,0.273,7.3055,0.0237
551982,102,ASSORTED COLOUR BIRD ORNAMENT | CERAMIC HEART FAIRY CAKE MONEY BANK | RED RETROSPOT SHOPPER BAG,LUNCH BAG APPLE DESIGN,LUNCH BAG RED RETROSPOT,0.2973,6.6343,0.02
569417,25,JINGLE BELL HEART ANTIQUE SILVER | PACK OF 20 SPACEBOY NAPKINS | SPACEBOY CHILDRENS BOWL,LUNCH BAG WOODLAND,LUNCH BAG SPACEBOY DESIGN,0.3963,9.7884,0.0208
569417,25,JINGLE BELL HEART ANTIQUE SILVER | PACK OF 20 SPACEBOY NAPKINS | SPACEBOY CHILDRENS BOWL,LUNCH BAG SUKI DESIGN,LUNCH BAG SPACEBOY DESIGN,0.3986,7.9372,0.0209
569417,25,JINGLE BELL HEART ANTIQUE SILVER | PACK OF 20 SPACEBOY NAPKINS | SPACEBOY CHILDRENS BOWL,LUNCH BAG CARS BLUE,LUNCH BAG SPACEBOY DESIGN,0.4158,7.8475,0.0218
541134,25,PACK OF 60 DINOSAUR CAKE CASES | PINK 3 PIECE POLKADOT CUTLERY SET | RED 3 PIECE RETROSPOT CUTLERY SET,JUMBO BAG STRAWBERRY,JUMBO BAG RED RETROSPOT,0.273,7.3055,0.0237
541134,25,PACK OF 60 DINOSAUR CAKE CASES | PINK 3 PIECE POLKADOT CUTLERY SET | RED 3 PIECE RETROSPOT CUTLERY SET,LUNCH BAG RED RETROSPOT,JUMBO BAG RED RETROSPOT,0.2605,3.8723,0.0226
537593,13,JUMBO BAG SCANDINAVIAN PAISLEY | JUMBO STORAGE BAG SKULLS | RED RETROSPOT PICNIC BAG,LUNCH BAG PINK POLKADOT,LUNCH BAG  BLACK SKULL.,0.4438,8.7112,0.0266
537593,13,JUMBO BAG SCANDINAVIAN PAISLEY | JUMBO STORAGE BAG SKULLS | RED RETROSPOT PICNIC BAG,LUNCH BAG SUKI DESIGN,LUNCH BAG  BLACK SKULL.,0.3946,7.8566,0.0236
537593,13,JUMBO BAG SCANDINAVIAN PAISLEY | JUMBO STORAGE BAG SKULLS | RED RETROSPOT PICNIC BAG,LUNCH BAG CARS BLUE,LUNCH BAG  BLACK SKULL.,0.4036,7.6174,0.0241
567185,41,HOME BUILDING BLOCK WORD | WICKER STAR | JUMBO BAG STRAWBERRY,HEART OF WICKER SMALL,HEART OF WICKER LARGE,0.5032,9.0254,0.0239
567185,41,HOME BUILDING BLOCK WORD | WICKER STAR | JUMBO BAG STRAWBERRY,LUNCH BAG CARS BLUE,LUNCH BAG SUKI DESIGN,0.4342,8.1949,0.0218
567185,41,HOME BUILDING BLOCK WORD | WICKER STAR | JUMBO BAG STRAWBERRY,LUNCH BAG SPACEBOY DESIGN,LUNCH BAG SUKI DESIGN,0.4163,7.9372,0.0209
558861,56,SET OF 3 WOODEN STOCKING DECORATION | RECYCLED ACAPULCO MAT TURQUOISE | JAM MAKING SET PRINTED,ROSES REGENCY TEACUP AND SAUCER,REGENCY CAKESTAND 3 TIER,0.2496,6.1292,0.0211
569570,25,RED RETROSPOT MUG | ROSES REGENCY TEACUP AND SAUCER | SOLDIERS EGG CUP,LUNCH BAG RED RETROSPOT,LUNCH BAG APPLE DESIGN,0.4464,6.6343,0.02
538198,87,SNOWSTORM PHOTO FRAME FRIDGE MAGNET | CERAMIC HEART FAIRY CAKE MONEY BANK | SET/4 BADGES BALLOON GIRL,HEART OF WICKER SMALL,HEART OF WICKER LARGE,0.5032,9.0254,0.0239
580833,45,LUNCH BAG PINK POLKADOT | ROMANTIC IMAGES GIFT WRAP SET | RETROSPOT TEA SET CERAMIC 11 PC,LUNCH BAG SPACEBOY DESIGN,LUNCH BAG WOODLAND,0.5134,9.7884,0.0208
580833,45,LUNCH BAG PINK POLKADOT | ROMANTIC IMAGES GIFT WRAP SET | RETROSPOT TEA SET CERAMIC 11 PC,LUNCH BAG CARS BLUE,LUNCH BAG PINK POLKADOT,0.467,8.8133,0.0238
580833,45,LUNCH BAG PINK POLKADOT | ROMANTIC IMAGES GIFT WRAP SET | RETROSPOT TEA SET CERAMIC 11 PC,LUNCH BAG  BLACK SKULL.,LUNCH BAG PINK POLKADOT,0.5212,8.7112,0.0266
551963,16,BLUE POLKADOT BOWL | BLUE POLKADOT COFFEE MUG | MULTI COLOUR SILVER T-LIGHT HOLDER,PARTY BUNTING,SPOTTY BUNTING,0.3954,5.1019,0.0216
553733,5,LUNCH BAG APPLE DESIGN | BLUE PAPER PARASOL | PINK PAPER PARASOL,LUNCH BAG RED RETROSPOT,LUNCH BAG APPLE DESIGN,0.4464,6.6343,0.02
568882,20,STRAWBERRY CHARLOTTE BAG | STRAWBERRY CERAMIC TRINKET BOX | HOME SWEET HOME HANGING HEART,JUMBO BAG STRAWBERRY,JUMBO BAG RED RETROSPOT,0.273,7.3055,0.0237
568882,20,STRAWBERRY CHARLOTTE BAG | STRAWBERRY CERAMIC TRINKET BOX | HOME SWEET HOME HANGING HEART,JUMBO BAG PINK POLKADOT,JUMBO BAG RED RETROSPOT,0.3497,7.1686,0.0304
568882,20,STRAWBERRY CHARLOTTE BAG | STRAWBERRY CERAMIC TRINKET BOX | HOME SWEET HOME HANGING HEART,JUMBO  BAG BAROQUE BLACK WHITE,JUMBO BAG RED RETROSPOT,0.2398,6.3767,0.0208
578854,13,BINGO SET | HAND WARMER BIRD DESIGN | JUMBO BAG VINTAGE DOILY,JUMBO BAG STRAWBERRY,JUMBO BAG RED RETROSPOT,0.273,7.3055,0.0237
578854,13,BINGO SET | HAND WARMER BIRD DESIGN | JUMBO BAG VINTAGE DOILY,JUMBO BAG PINK POLKADOT,JUMBO BAG RED RETROSPOT,0.3497,7.1686,0.0304
578854,13,BINGO SET | HAND WARMER BIRD DESIGN | JUMBO BAG VINTAGE DOILY,JUMBO STORAGE BAG SUKI,JUMBO BAG RED RETROSPOT,0.282,6.5188,0.0245
578098,26,DINOSAURS  WRITING SET | HAND WARMER RED LOVE HEART | PLASTERS IN TIN SKULLS,GARDENERS KNEELING PAD KEEP CALM,GARDENERS KNEELING PAD CUP OF TEA,0.7305,16.3872,0.0275
578098,26,DINOSAURS  WRITING SET | HAND WARMER RED LOVE HEART | PLASTERS IN TIN SKULLS,PAPER CHAIN KIT VINTAGE CHRISTMAS,PAPER CHAIN KIT 50'S CHRISTMAS,0.4624,11.3703,0.0263
572086,17,STAR WREATH DECORATION WITH BELL | 3D VINTAGE CHRISTMAS STICKERS | RIBBON REEL SNOWY VILLAGE,PAPER CHAIN KIT 50'S CHRISTMAS,PAPER CHAIN KIT VINTAGE CHRISTMAS,0.6455,11.3703,0.0263
554798,9,REGENCY TEA PLATE PINK | ROSES REGENCY TEACUP AND SAUCER | GREEN REGENCY TEACUP AND SAUCER,REGENCY CAKESTAND 3 TIER,ROSES REGENCY TEACUP AND SAUCER,0.5192,6.1292,0.0211
554798,9,REGENCY TEA PLATE PINK | ROSES REGENCY TEACUP AND SAUCER | GREEN REGENCY TEACUP AND SAUCER,SPOTTY BUNTING,PARTY BUNTING,0.2783,5.1019,0.0216
540838,27,JAM MAKING SET PRINTED | SMALL RED RETROSPOT WINDMILL | LUNCH BAG PINK POLKADOT,LUNCH BAG CARS BLUE,LUNCH BAG PINK POLKADOT,0.467,8.8133,0.0238
540838,27,JAM MAKING SET PRINTED | SMALL RED RETROSPOT WINDMILL | LUNCH BAG PINK POLKADOT,LUNCH BAG RED RETROSPOT,LUNCH BAG PINK POLKADOT,0.5554,8.255,0.0283
540838,27,JAM MAKING SET PRINTED | SMALL RED RETROSPOT WINDMILL | LUNCH BAG PINK POLKADOT,LUNCH BAG SUKI DESIGN,LUNCH BAG  BLACK SKULL.,0.3946,7.8566,0.0236
575125,3,JUMBO BAG TOYS | JUMBO STORAGE BAG SUKI | JUMBO BAG PINK VINTAGE PAISLEY,JUMBO BAG RED RETROSPOT,JUMBO STORAGE BAG SUKI,0.5667,6.5188,0.0245
552285,119,HARDMAN MUG 3 ASSORTED | PLASTERS IN TIN WOODLAND ANIMALS | POPPY'S PLAYHOUSE BEDROOM,ALARM CLOCK BAKELIKE GREEN,ALARM CLOCK BAKELIKE RED,0.5989,14.4493,0.0273
552285,119,HARDMAN MUG 3 ASSORTED | PLASTERS IN TIN WOODLAND ANIMALS | POPPY'S PLAYHOUSE BEDROOM,LUNCH BAG SPACEBOY DESIGN,LUNCH BAG WOODLAND,0.5134,9.7884,0.0208
552285,119,HARDMAN MUG 3 ASSORTED | PLASTERS IN TIN WOODLAND ANIMALS | POPPY'S PLAYHOUSE BEDROOM,LUNCH BAG PINK POLKADOT,LUNCH BAG  BLACK SKULL.,0.4438,8.7112,0.0266
577519,60,WOOD STAMP SET THANK YOU | BLUE CALCULATOR RULER | JUMBO BAG VINTAGE CHRISTMAS,ROSES REGENCY TEACUP AND SAUCER,REGENCY CAKESTAND 3 TIER,0.2496,6.1292,0.0211
567482,82,LUNCH BAG PINK POLKADOT | JUMBO  BAG BAROQUE BLACK WHITE | FELTCRAFT PRINCESS LOLA DOLL,HEART OF WICKER SMALL,HEART OF WICKER LARGE,0.5032,9.0254,0.0239
567482,82,LUNCH BAG PINK POLKADOT | JUMBO  BAG BAROQUE BLACK WHITE | FELTCRAFT PRINCESS LOLA DOLL,LUNCH BAG  BLACK SKULL.,LUNCH BAG PINK POLKADOT,0.5212,8.7112,0.0266
567482,82,LUNCH BAG PINK POLKADOT | JUMBO  BAG BAROQUE BLACK WHITE | FELTCRAFT PRINCESS LOLA DOLL,LUNCH BAG SUKI DESIGN,LUNCH BAG CARS BLUE,0.4116,8.1949,0.0218
575132,14,RED RETROSPOT PICNIC BAG | CHARLOTTE BAG PINK POLKADOT | JUMBO BAG VINTAGE CHRISTMAS,JUMBO BAG RED RETROSPOT,JUMBO BAG PINK POLKADOT,0.6232,7.1686,0.0304
554702,25,WATERING CAN GREEN DINOSAUR | FUNKY DIVA PEN | WATERING CAN PINK BUNNY,ALARM CLOCK BAKELIKE GREEN,ALARM CLOCK BAKELIKE RED,0.5989,14.4493,0.0273
552959,12,BOX OF 9 PEBBLE CANDLES | RED RETROSPOT PICNIC BAG | BLUE POLKADOT BOWL,JUMBO BAG RED RETROSPOT,JUMBO BAG STRAWBERRY,0.635,7.3055,0.0237
557894,12,MEDIUM CERAMIC TOP STORAGE JAR | BAG 500G SWIRLY MARBLES | REGENCY TEA SPOON,ROSES REGENCY TEACUP AND SAUCER,REGENCY CAKESTAND 3 TIER,0.2496,6.1292,0.0211
557894,12,MEDIUM CERAMIC TOP STORAGE JAR | BAG 500G SWIRLY MARBLES | REGENCY TEA SPOON,SPOTTY BUNTING,PARTY BUNTING,0.2783,5.1019,0.0216
546789,9,JUMBO BAG SCANDINAVIAN BLUE PAISLEY | JUMBO BAG STRAWBERRY | JUMBO BAG SPACEBOY DESIGN,JUMBO STORAGE BAG SUKI,JUMBO BAG RED RETROSPOT,0.282,6.5188,0.0245
546789,9,JUMBO BAG SCANDINAVIAN BLUE PAISLEY | JUMBO BAG STRAWBERRY | JUMBO BAG SPACEBOY DESIGN,JUMBO SHOPPER VINTAGE RED PAISLEY,JUMBO BAG RED RETROSPOT,0.2578,5.7289,0.0224
546789,9,JUMBO BAG SCANDINAVIAN BLUE PAISLEY | JUMBO BAG STRAWBERRY | JUMBO BAG SPACEBOY DESIGN,LUNCH BAG RED RETROSPOT,JUMBO BAG RED RETROSPOT,0.2605,3.8723,0.0226
579001,99,MAGIC DRAWING SLATE DOLLY GIRL | WOOD BLACK BOARD ANT WHITE FINISH | PLASTERS IN TIN SKULLS,LUNCH BAG RED RETROSPOT,LUNCH BAG PINK POLKADOT,0.5554,8.255,0.0283
561466,11,SET OF 3 CAKE TINS PANTRY DESIGN | OCEAN SCENT CANDLE IN JEWELLED BOX | REGENCY CAKESTAND 3 TIER,ROSES REGENCY TEACUP AND SAUCER,REGENCY CAKESTAND 3 TIER,0.2496,6.1292,0.0211
541286,27,DOORSTOP RETROSPOT HEART | RED RETROSPOT WRAP | HEADS AND TAILS SPORTING FUN,RED HANGING HEART T-LIGHT HOLDER,WHITE HANGING HEART T-LIGHT HOLDER,0.2272,5.8903,0.0257
542511,9,LUNCH BAG WOODLAND | DOLLY GIRL CHILDRENS EGG CUP | CLASSIC METAL BIRDCAGE PLANT HOLDER,LUNCH BAG SPACEBOY DESIGN,LUNCH BAG WOODLAND,0.5134,9.7884,0.0208
542511,9,LUNCH BAG WOODLAND | DOLLY GIRL CHILDRENS EGG CUP | CLASSIC METAL BIRDCAGE PLANT HOLDER,LUNCH BAG RED RETROSPOT,LUNCH BAG WOODLAND,0.5401,8.0266,0.0219
542511,9,LUNCH BAG WOODLAND | DOLLY GIRL CHILDRENS EGG CUP | CLASSIC METAL BIRDCAGE PLANT HOLDER,ROSES REGENCY TEACUP AND SAUCER,REGENCY CAKESTAND 3 TIER,0.2496,6.1292,0.0211
569736,24,CHRISTMAS LIGHTS 10 REINDEER | 12 MESSAGE CARDS WITH ENVELOPES | JUMBO BAG VINTAGE CHRISTMAS,PAPER CHAIN KIT VINTAGE CHRISTMAS,PAPER CHAIN KIT 50'S CHRISTMAS,0.4624,11.3703,0.0263
569736,24,CHRISTMAS LIGHTS 10 REINDEER | 12 MESSAGE CARDS WITH ENVELOPES | JUMBO BAG VINTAGE CHRISTMAS,LUNCH BAG RED RETROSPOT,LUNCH BAG WOODLAND,0.5401,8.0266,0.0219
569736,24,CHRISTMAS LIGHTS 10 REINDEER | 12 MESSAGE CARDS WITH ENVELOPES | JUMBO BAG VINTAGE CHRISTMAS,LUNCH BAG SUKI DESIGN,LUNCH BAG SPACEBOY DESIGN,0.3986,7.9372,0.0209
568944,18,RIBBON REEL SNOWY VILLAGE | CHRISTMAS GINGHAM STAR | 6 GIFT TAGS 50'S CHRISTMAS,PAPER CHAIN KIT VINTAGE CHRISTMAS,PAPER CHAIN KIT 50'S CHRISTMAS,0.4624,11.3703,0.0263
555363,22,STAR PORTABLE TABLE LIGHT | BLUE CIRCLES DESIGN MONKEY DOLL | LILAC GAUZE BUTTERFLY LAMPSHADE,PARTY BUNTING,SPOTTY BUNTING,0.3954,5.1019,0.0216
553576,14,JUMBO BAG SCANDINAVIAN BLUE PAISLEY | PINK VINTAGE PAISLEY PICNIC BAG | RED RETROSPOT SHOPPER BAG,JUMBO BAG RED RETROSPOT,JUMBO  BAG BAROQUE BLACK WHITE,0.5543,6.3767,0.0208
553055,9,REGENCY TEA PLATE PINK | BUNDLE OF 3 SCHOOL EXERCISE BOOKS | SINGLE ANTIQUE ROSE HOOK IVORY,GREEN REGENCY TEACUP AND SAUCER,PINK REGENCY TEACUP AND SAUCER,0.6917,24.1886,0.0205
553055,9,REGENCY TEA PLATE PINK | BUNDLE OF 3 SCHOOL EXERCISE BOOKS | SINGLE ANTIQUE ROSE HOOK IVORY,ROSES REGENCY TEACUP AND SAUCER,PINK REGENCY TEACUP AND SAUCER,0.6917,24.1886,0.0205
557305,41,CHILDRENS CUTLERY CIRCUS PARADE | RED BABY BUNTING | RED GINGHAM ROSE JEWELLERY BOX,GARDENERS KNEELING PAD CUP OF TEA,GARDENERS KNEELING PAD KEEP CALM,0.6173,16.3872,0.0275
557305,41,CHILDRENS CUTLERY CIRCUS PARADE | RED BABY BUNTING | RED GINGHAM ROSE JEWELLERY BOX,HEART OF WICKER LARGE,HEART OF WICKER SMALL,0.4289,9.0254,0.0239
557305,41,CHILDRENS CUTLERY CIRCUS PARADE | RED BABY BUNTING | RED GINGHAM ROSE JEWELLERY BOX,WHITE HANGING HEART T-LIGHT HOLDER,RED HANGING HEART T-LIGHT HOLDER,0.6667,5.8903,0.0257
550250,12,HERB MARKER BASIL | WOODEN UNION JACK BUNTING | DOORMAT UNION JACK GUNS AND ROSES,SPOTTY BUNTING,PARTY BUNTING,0.2783,5.1019,0.0216
578106,6,JAM MAKING SET PRINTED | POLYESTER FILLER PAD 40X40CM | HEART OF WICKER SMALL,HEART OF WICKER LARGE,HEART OF WICKER SMALL,0.4289,9.0254,0.0239
551825,2,3 HOOK PHOTO SHELF ANTIQUE WHITE | ROSES REGENCY TEACUP AND SAUCER,GREEN REGENCY TEACUP AND SAUCER,ROSES REGENCY TEACUP AND SAUCER,0.5029,20.723,0.0205
551825,2,3 HOOK PHOTO SHELF ANTIQUE WHITE | ROSES REGENCY TEACUP AND SAUCER,PINK REGENCY TEACUP AND SAUCER,ROSES REGENCY TEACUP AND SAUCER,0.5029,20.723,0.0205
551825,2,3 HOOK PHOTO SHELF ANTIQUE WHITE | ROSES REGENCY TEACUP AND SAUCER,REGENCY CAKESTAND 3 TIER,ROSES REGENCY TEACUP AND SAUCER,0.5192,6.1292,0.0211
557628,29,DOORMAT RED RETROSPOT | JUMBO BAG APPLES | BATHROOM METAL SIGN,LUNCH BAG PINK POLKADOT,LUNCH BAG CARS BLUE,0.449,8.8133,0.0238
557628,29,DOORMAT RED RETROSPOT | JUMBO BAG APPLES | BATHROOM METAL SIGN,LUNCH BAG SUKI DESIGN,LUNCH BAG CARS BLUE,0.4116,8.1949,0.0218
557628,29,DOORMAT RED RETROSPOT | JUMBO BAG APPLES | BATHROOM METAL SIGN,LUNCH BAG SPACEBOY DESIGN,LUNCH BAG CARS BLUE,0.4116,7.8475,0.0218
545914,51,PINK 3 PIECE POLKADOT CUTLERY SET | RED 3 PIECE RETROSPOT CUTLERY SET | JAM MAKING SET PRINTED,LUNCH BAG WOODLAND,LUNCH BAG SPACEBOY DESIGN,0.3963,9.7884,0.0208
545914,51,PINK 3 PIECE POLKADOT CUTLERY SET | RED 3 PIECE RETROSPOT CUTLERY SET | JAM MAKING SET PRINTED,LUNCH BAG  BLACK SKULL.,LUNCH BAG PINK POLKADOT,0.5212,8.7112,0.0266
545914,51,PINK 3 PIECE POLKADOT CUTLERY SET | RED 3 PIECE RETROSPOT CUTLERY SET | JAM MAKING SET PRINTED,LUNCH BAG SUKI DESIGN,LUNCH BAG CARS BLUE,0.4116,8.1949,0.0218
575167,22,RUBY GLASS CLUSTER BRACELET | 4 PEAR BOTANICAL DINNER CANDLES | WATERING CAN PINK BUNNY,HEART OF WICKER LARGE,HEART OF WICKER SMALL,0.4289,9.0254,0.0239
537137,66,STRAWBERRY CHARLOTTE BAG | STRAWBERRY CERAMIC TRINKET BOX | JUMBO BAG STRAWBERRY,LUNCH BAG PINK POLKADOT,LUNCH BAG CARS BLUE,0.449,8.8133,0.0238
537137,66,STRAWBERRY CHARLOTTE BAG | STRAWBERRY CERAMIC TRINKET BOX | JUMBO BAG STRAWBERRY,LUNCH BAG SUKI DESIGN,LUNCH BAG CARS BLUE,0.4116,8.1949,0.0218
537137,66,STRAWBERRY CHARLOTTE BAG | STRAWBERRY CERAMIC TRINKET BOX | JUMBO BAG STRAWBERRY,LUNCH BAG WOODLAND,LUNCH BAG RED RETROSPOT,0.325,8.0266,0.0219
576560,60,CHRISTMAS LIGHTS 10 REINDEER | LARGE CERAMIC TOP STORAGE JAR | RETRO COFFEE MUGS ASSORTED,GARDENERS KNEELING PAD KEEP CALM,GARDENERS KNEELING PAD CUP OF TEA,0.7305,16.3872,0.0275
576560,60,CHRISTMAS LIGHTS 10 REINDEER | LARGE CERAMIC TOP STORAGE JAR | RETRO COFFEE MUGS ASSORTED,PAPER CHAIN KIT 50'S CHRISTMAS,PAPER CHAIN KIT VINTAGE CHRISTMAS,0.6455,11.3703,0.0263
549906,42,JAM MAKING SET PRINTED | RED BABY BUNTING | HANGING METAL CHICKEN DECORATION,LUNCH BAG PINK POLKADOT,LUNCH BAG RED RETROSPOT,0.4205,8.255,0.0283
549906,42,JAM MAKING SET PRINTED | RED BABY BUNTING | HANGING METAL CHICKEN DECORATION,LUNCH BAG WOODLAND,LUNCH BAG RED RETROSPOT,0.325,8.0266,0.0219
549906,42,JAM MAKING SET PRINTED | RED BABY BUNTING | HANGING METAL CHICKEN DECORATION,LUNCH BAG SUKI DESIGN,LUNCH BAG RED RETROSPOT,0.3661,7.289,0.0246
578317,38,JAM MAKING SET PRINTED | SET OF 4 KNICK KNACK TINS DOILY | ASSORTED COLOUR BIRD ORNAMENT,LUNCH BAG PINK POLKADOT,LUNCH BAG CARS BLUE,0.449,8.8133,0.0238
578317,38,JAM MAKING SET PRINTED | SET OF 4 KNICK KNACK TINS DOILY | ASSORTED COLOUR BIRD ORNAMENT,LUNCH BAG SUKI DESIGN,LUNCH BAG CARS BLUE,0.4116,8.1949,0.0218
578317,38,JAM MAKING SET PRINTED | SET OF 4 KNICK KNACK TINS DOILY | ASSORTED COLOUR BIRD ORNAMENT,LUNCH BAG SPACEBOY DESIGN,LUNCH BAG CARS BLUE,0.4116,7.8475,0.0218
544803,31,"LETTER ""A"" BLING KEY RING | RED KITCHEN SCALES | GUMBALL COAT RACK",LUNCH BAG PINK POLKADOT,LUNCH BAG  BLACK SKULL.,0.4438,8.7112,0.0266
544803,31,"LETTER ""A"" BLING KEY RING | RED KITCHEN SCALES | GUMBALL COAT RACK",LUNCH BAG SUKI DESIGN,LUNCH BAG  BLACK SKULL.,0.3946,7.8566,0.0236
544803,31,"LETTER ""A"" BLING KEY RING | RED KITCHEN SCALES | GUMBALL COAT RACK",LUNCH BAG CARS BLUE,LUNCH BAG  BLACK SKULL.,0.4036,7.6174,0.0241
560988,5,EDWARDIAN PARASOL BLACK | RED KITCHEN SCALES | EDWARDIAN PARASOL RED,RED HANGING HEART T-LIGHT HOLDER,WHITE HANGING HEART T-LIGHT HOLDER,0.2272,5.8903,0.0257
565971,45,AREA PATROLLED METAL SIGN | YOU'RE CONFUSING ME METAL SIGN | JUMBO BAG VINTAGE CHRISTMAS,JUMBO BAG STRAWBERRY,JUMBO BAG RED RETROSPOT,0.273,7.3055,0.0237
565971,45,AREA PATROLLED METAL SIGN | YOU'RE CONFUSING ME METAL SIGN | JUMBO BAG VINTAGE CHRISTMAS,JUMBO BAG PINK POLKADOT,JUMBO BAG RED RETROSPOT,0.3497,7.1686,0.0304
565971,45,AREA PATROLLED METAL SIGN | YOU'RE CONFUSING ME METAL SIGN | JUMBO BAG VINTAGE CHRISTMAS,WHITE HANGING HEART T-LIGHT HOLDER,RED HANGING HEART T-LIGHT HOLDER,0.6667,5.8903,0.0257
552769,51,HOME BUILDING BLOCK WORD | SPACEBOY TV DINNER TRAY | CHARLIE & LOLA WASTEPAPER BIN FLORA,LUNCH BAG SPACEBOY DESIGN,LUNCH BAG WOODLAND,0.5134,9.7884,0.0208
552769,51,HOME BUILDING BLOCK WORD | SPACEBOY TV DINNER TRAY | CHARLIE & LOLA WASTEPAPER BIN FLORA,LUNCH BAG PINK POLKADOT,LUNCH BAG CARS BLUE,0.449,8.8133,0.0238
552769,51,HOME BUILDING BLOCK WORD | SPACEBOY TV DINNER TRAY | CHARLIE & LOLA WASTEPAPER BIN FLORA,LUNCH BAG  BLACK SKULL.,LUNCH BAG SUKI DESIGN,0.4701,7.8566,0.0236
568614,24,CHARLOTTE BAG SUKI DESIGN | SET OF 20 VINTAGE CHRISTMAS NAPKINS | 60 CAKE CASES VINTAGE CHRISTMAS,HEART OF WICKER LARGE,HEART OF WICKER SMALL,0.4289,9.0254,0.0239
568614,24,CHARLOTTE BAG SUKI DESIGN | SET OF 20 VINTAGE CHRISTMAS NAPKINS | 60 CAKE CASES VINTAGE CHRISTMAS,LUNCH BAG PINK POLKADOT,LUNCH BAG CARS BLUE,0.449,8.8133,0.0238
568614,24,CHARLOTTE BAG SUKI DESIGN | SET OF 20 VINTAGE CHRISTMAS NAPKINS | 60 CAKE CASES VINTAGE CHRISTMAS,LUNCH BAG SPACEBOY DESIGN,LUNCH BAG SUKI DESIGN,0.4163,7.9372,0.0209
555736,30,FUNKY DIVA PEN | TEA FOR ONE POLKADOT | STAR PORTABLE TABLE LIGHT,HEART OF WICKER LARGE,HEART OF WICKER SMALL,0.4289,9.0254,0.0239
538190,10,WICKER STAR | WHITE JEWELLED HEART DECORATION | CREAM SWEETHEART MINI CHEST,RED HANGING HEART T-LIGHT HOLDER,WHITE HANGING HEART T-LIGHT HOLDER,0.2272,5.8903,0.0257
558375,13,SWALLOWS GREETING CARD | ROBOT BIRTHDAY CARD | SET OF 4 KNICK KNACK TINS DOILEY,PARTY BUNTING,SPOTTY BUNTING,0.3954,5.1019,0.0216
543001,19,HANGING HEART MIRROR DECORATION | OWL DOORSTOP | RAINY LADIES BIRTHDAY CARD,WOODEN FRAME ANTIQUE WHITE,WOODEN PICTURE FRAME WHITE FINISH,0.5363,11.3868,0.0275
578680,13,JUMBO BAG STRAWBERRY | JUMBO BAG VINTAGE DOILY | SMALL MARSHMALLOWS PINK BOWL,JUMBO  BAG BAROQUE BLACK WHITE,JUMBO BAG RED RETROSPOT,0.2398,6.3767,0.0208
578680,13,JUMBO BAG STRAWBERRY | JUMBO BAG VINTAGE DOILY | SMALL MARSHMALLOWS PINK BOWL,RED HANGING HEART T-LIGHT HOLDER,WHITE HANGING HEART T-LIGHT HOLDER,0.2272,5.8903,0.0257
578680,13,JUMBO BAG STRAWBERRY | JUMBO BAG VINTAGE DOILY | SMALL MARSHMALLOWS PINK BOWL,JUMBO SHOPPER VINTAGE RED PAISLEY,JUMBO BAG RED RETROSPOT,0.2578,5.7289,0.0224
559308,20,GUMBALL COAT RACK | RED GINGHAM ROSE JEWELLERY BOX | LUNCH BAG PINK POLKADOT,LUNCH BAG WOODLAND,LUNCH BAG SPACEBOY DESIGN,0.3963,9.7884,0.0208
559308,20,GUMBALL COAT RACK | RED GINGHAM ROSE JEWELLERY BOX | LUNCH BAG PINK POLKADOT,LUNCH BAG RED RETROSPOT,LUNCH BAG PINK POLKADOT,0.5554,8.255,0.0283
559921,81,RED KITCHEN SCALES | PLASTERS IN TIN SKULLS | SKULLS SQUARE TISSUE BOX,WOODEN PICTURE FRAME WHITE FINISH,WOODEN FRAME ANTIQUE WHITE,0.5842,11.3868,0.0275
559921,81,RED KITCHEN SCALES | PLASTERS IN TIN SKULLS | SKULLS SQUARE TISSUE BOX,JUMBO BAG RED RETROSPOT,JUMBO SHOPPER VINTAGE RED PAISLEY,0.498,5.7289,0.0224
559921,81,RED KITCHEN SCALES | PLASTERS IN TIN SKULLS | SKULLS SQUARE TISSUE BOX,PARTY BUNTING,SPOTTY BUNTING,0.3954,5.1019,0.0216
569371,42,BROWN CHECK CAT DOORSTOP | BLUE CALCULATOR RULER | BLUE PUDDING SPOON,PAPER CHAIN KIT 50'S CHRISTMAS,PAPER CHAIN KIT VINTAGE CHRISTMAS,0.6455,11.3703,0.0263
569371,42,BROWN CHECK CAT DOORSTOP | BLUE CALCULATOR RULER | BLUE PUDDING SPOON,WHITE HANGING HEART T-LIGHT HOLDER,RED HANGING HEART T-LIGHT HOLDER,0.6667,5.8903,0.0257
553146,28,ROSES REGENCY TEACUP AND SAUCER | ZINC SWEETHEART WIRE LETTER RACK | ENAMEL BREAD BIN CREAM,GREEN REGENCY TEACUP AND SAUCER,ROSES REGENCY TEACUP AND SAUCER | PINK REGENCY TEACUP AND SAUCER,0.8903,24.2167,0.0205
555522,14,LARGE CERAMIC TOP STORAGE JAR | REGENCY MILK JUG PINK | SWEETHEART RECIPE BOOK STAND,ROSES REGENCY TEACUP AND SAUCER,GREEN REGENCY TEACUP AND SAUCER,0.5572,24.2167,0.0205
555522,14,LARGE CERAMIC TOP STORAGE JAR | REGENCY MILK JUG PINK | SWEETHEART RECIPE BOOK STAND,PINK REGENCY TEACUP AND SAUCER,GREEN REGENCY TEACUP AND SAUCER,0.5572,24.2167,0.0205
555522,14,LARGE CERAMIC TOP STORAGE JAR | REGENCY MILK JUG PINK | SWEETHEART RECIPE BOOK STAND,RED HANGING HEART T-LIGHT HOLDER,WHITE HANGING HEART T-LIGHT HOLDER,0.2272,5.8903,0.0257
550144,54,AREA PATROLLED METAL SIGN | PICNIC BASKET WICKER LARGE | CITRONELLA CANDLE FLOWERPOT,LUNCH BAG CARS BLUE,LUNCH BAG PINK POLKADOT,0.467,8.8133,0.0238
550144,54,AREA PATROLLED METAL SIGN | PICNIC BASKET WICKER LARGE | CITRONELLA CANDLE FLOWERPOT,LUNCH BAG WOODLAND,LUNCH BAG RED RETROSPOT,0.325,8.0266,0.0219
550144,54,AREA PATROLLED METAL SIGN | PICNIC BASKET WICKER LARGE | CITRONELLA CANDLE FLOWERPOT,LUNCH BAG SUKI DESIGN,LUNCH BAG  BLACK SKULL.,0.3946,7.8566,0.0236
570776,29,JUMBO BAG VINTAGE CHRISTMAS | HOME SWEET HOME HANGING HEART | SKULL LUNCH BOX WITH CUTLERY,SPOTTY BUNTING,PARTY BUNTING,0.2783,5.1019,0.0216
546748,16,GIN + TONIC DIET METAL SIGN | JUMBO BAG SCANDINAVIAN BLUE PAISLEY | PLEASE ONE PERSON METAL SIGN,SPOTTY BUNTING,PARTY BUNTING,0.2783,5.1019,0.0216
563733,31,AREA PATROLLED METAL SIGN | JUMBO BAG VINTAGE CHRISTMAS | RED GINGHAM ROSE JEWELLERY BOX,JUMBO BAG STRAWBERRY,JUMBO BAG RED RETROSPOT,0.273,7.3055,0.0237
563733,31,AREA PATROLLED METAL SIGN | JUMBO BAG VINTAGE CHRISTMAS | RED GINGHAM ROSE JEWELLERY BOX,JUMBO STORAGE BAG SUKI,JUMBO BAG RED RETROSPOT,0.282,6.5188,0.0245
563733,31,AREA PATROLLED METAL SIGN | JUMBO BAG VINTAGE CHRISTMAS | RED GINGHAM ROSE JEWELLERY BOX,JUMBO  BAG BAROQUE BLACK WHITE,JUMBO BAG RED RETROSPOT,0.2398,6.3767,0.0208
574474,39,BLUE PAISLEY JOURNAL | JINGLE BELL HEART ANTIQUE SILVER | SET/4 COLOURFUL MIXING BOWLS,LUNCH BAG PINK POLKADOT,LUNCH BAG  BLACK SKULL.,0.4438,8.7112,0.0266
574474,39,BLUE PAISLEY JOURNAL | JINGLE BELL HEART ANTIQUE SILVER | SET/4 COLOURFUL MIXING BOWLS,LUNCH BAG SUKI DESIGN,LUNCH BAG  BLACK SKULL.,0.3946,7.8566,0.0236
574474,39,BLUE PAISLEY JOURNAL | JINGLE BELL HEART ANTIQUE SILVER | SET/4 COLOURFUL MIXING BOWLS,LUNCH BAG CARS BLUE,LUNCH BAG  BLACK SKULL.,0.4036,7.6174,0.0241
580529,15,3 DRAWER ANTIQUE WHITE WOOD CABINET | CHRISTMAS LIGHTS 10 REINDEER | PAPER CHAIN KIT 50'S CHRISTMAS,PAPER CHAIN KIT VINTAGE CHRISTMAS,PAPER CHAIN KIT 50'S CHRISTMAS,0.4624,11.3703,0.0263
571229,35,SET OF 3 WOODEN STOCKING DECORATION | GREEN CHRISTMAS TREE CARD HOLDER | SMALL PARISIENNE HEART PHOTO FRAME,WOODEN FRAME ANTIQUE WHITE,WOODEN PICTURE FRAME WHITE FINISH,0.5363,11.3868,0.0275
571229,35,SET OF 3 WOODEN STOCKING DECORATION | GREEN CHRISTMAS TREE CARD HOLDER | SMALL PARISIENNE HEART PHOTO FRAME,HEART OF WICKER LARGE,HEART OF WICKER SMALL,0.4289,9.0254,0.0239
556541,10,MAKE YOUR OWN FLOWERPOWER CARD KIT | DOORMAT RED RETROSPOT | CREAM SWEETHEART EGG HOLDER,JUMBO BAG RED RETROSPOT,JUMBO BAG PINK POLKADOT,0.6232,7.1686,0.0304
574916,10,HOT WATER BOTTLE I AM SO POORLY | PLASTERS IN TIN VINTAGE PAISLEY | HOT WATER BOTTLE TEA AND SYMPATHY,JUMBO BAG RED RETROSPOT,JUMBO SHOPPER VINTAGE RED PAISLEY,0.498,5.7289,0.0224
580027,66,STRAWBERRY CHARLOTTE BAG | HANGING SPRING FLOWER EGG SMALL | HAND WARMER RED LOVE HEART,WHITE HANGING HEART T-LIGHT HOLDER,RED HANGING HEART T-LIGHT HOLDER,0.6667,5.8903,0.0257
549182,11,SET 2 TEA TOWELS I LOVE LONDON | CARD WEDDING DAY | WRAP ALPHABET DESIGN,RED HANGING HEART T-LIGHT HOLDER,WHITE HANGING HEART T-LIGHT HOLDER,0.2272,5.8903,0.0257
557309,20,BOX OF 24 COCKTAIL PARASOLS | ASSORTED COLOURS SILK FAN | SET/10 PINK POLKADOT PARTY CANDLES,HEART OF WICKER LARGE,HEART OF WICKER SMALL,0.4289,9.0254,0.0239
569460,38,HOME BUILDING BLOCK WORD | ANTIQUE SILVER T-LIGHT GLASS | GREEN CHRISTMAS TREE CARD HOLDER,LUNCH BAG PINK POLKADOT,LUNCH BAG RED RETROSPOT,0.4205,8.255,0.0283
569460,38,HOME BUILDING BLOCK WORD | ANTIQUE SILVER T-LIGHT GLASS | GREEN CHRISTMAS TREE CARD HOLDER,LUNCH BAG WOODLAND,LUNCH BAG RED RETROSPOT,0.325,8.0266,0.0219
569460,38,HOME BUILDING BLOCK WORD | ANTIQUE SILVER T-LIGHT GLASS | GREEN CHRISTMAS TREE CARD HOLDER,LUNCH BAG SUKI DESIGN,LUNCH BAG RED RETROSPOT,0.3661,7.289,0.0246
573873,31,JINGLE BELL HEART ANTIQUE SILVER | WHITE WICKER STAR | AGED GLASS SILVER T-LIGHT HOLDER,LUNCH BAG PINK POLKADOT,LUNCH BAG RED RETROSPOT,0.4205,8.255,0.0283
573873,31,JINGLE BELL HEART ANTIQUE SILVER | WHITE WICKER STAR | AGED GLASS SILVER T-LIGHT HOLDER,LUNCH BAG WOODLAND,LUNCH BAG RED RETROSPOT,0.325,8.0266,0.0219
573873,31,JINGLE BELL HEART ANTIQUE SILVER | WHITE WICKER STAR | AGED GLASS SILVER T-LIGHT HOLDER,JUMBO BAG RED RETROSPOT,JUMBO BAG STRAWBERRY,0.635,7.3055,0.0237
539016,15,FULL ENGLISH BREAKFAST PLATE | FELTCRAFT CUSHION BUTTERFLY | ALARM CLOCK BAKELIKE PINK,ALARM CLOCK BAKELIKE RED,ALARM CLOCK BAKELIKE GREEN,0.658,14.4493,0.0273
556889,8,RED RETROSPOT PICNIC BAG | LUNCH BAG  BLACK SKULL. | BLUE HARMONICA IN BOX,LUNCH BAG PINK POLKADOT,LUNCH BAG  BLACK SKULL.,0.4438,8.7112,0.0266
556889,8,RED RETROSPOT PICNIC BAG | LUNCH BAG  BLACK SKULL. | BLUE HARMONICA IN BOX,LUNCH BAG SUKI DESIGN,LUNCH BAG  BLACK SKULL.,0.3946,7.8566,0.0236
556889,8,RED RETROSPOT PICNIC BAG | LUNCH BAG  BLACK SKULL. | BLUE HARMONICA IN BOX,LUNCH BAG CARS BLUE,LUNCH BAG  BLACK SKULL.,0.4036,7.6174,0.0241
565596,25,SILVER BELLS TABLE DECORATION | BOX OF 24 COCKTAIL PARASOLS | GIANT 50'S CHRISTMAS CRACKER,PAPER CHAIN KIT VINTAGE CHRISTMAS,PAPER CHAIN KIT 50'S CHRISTMAS,0.4624,11.3703,0.0263
565596,25,SILVER BELLS TABLE DECORATION | BOX OF 24 COCKTAIL PARASOLS | GIANT 50'S CHRISTMAS CRACKER,RED HANGING HEART T-LIGHT HOLDER,WHITE HANGING HEART T-LIGHT HOLDER,0.2272,5.8903,0.0257
551720,4,EDWARDIAN PARASOL NATURAL | WHITE HANGING HEART T-LIGHT HOLDER | CUPCAKE LACE PAPER SET 6,RED HANGING HEART T-LIGHT HOLDER,WHITE HANGING HEART T-LIGHT HOLDER,0.2272,5.8903,0.0257
564371,18,LUNCH BAG RED RETROSPOT | LUNCH BAG VINTAGE DOILY | JUMBO BAG SCANDINAVIAN BLUE PAISLEY,LUNCH BAG SPACEBOY DESIGN,LUNCH BAG WOODLAND,0.5134,9.7884,0.0208
564371,18,LUNCH BAG RED RETROSPOT | LUNCH BAG VINTAGE DOILY | JUMBO BAG SCANDINAVIAN BLUE PAISLEY,JUMBO BAG STRAWBERRY,JUMBO BAG RED RETROSPOT,0.273,7.3055,0.0237
564371,18,LUNCH BAG RED RETROSPOT | LUNCH BAG VINTAGE DOILY | JUMBO BAG SCANDINAVIAN BLUE PAISLEY,JUMBO BAG PINK POLKADOT,JUMBO BAG RED RETROSPOT,0.3497,7.1686,0.0304
578266,41,TOXIC AREA  DOOR HANGER | BLUE REFECTORY CLOCK | HAND WARMER RED LOVE HEART,LUNCH BAG WOODLAND,LUNCH BAG SPACEBOY DESIGN,0.3963,9.7884,0.0208
578266,41,TOXIC AREA  DOOR HANGER | BLUE REFECTORY CLOCK | HAND WARMER RED LOVE HEART,LUNCH BAG SUKI DESIGN,LUNCH BAG SPACEBOY DESIGN,0.3986,7.9372,0.0209
578266,41,TOXIC AREA  DOOR HANGER | BLUE REFECTORY CLOCK | HAND WARMER RED LOVE HEART,LUNCH BAG CARS BLUE,LUNCH BAG SPACEBOY DESIGN,0.4158,7.8475,0.0218
575077,10,SQUARE CHERRY BLOSSOM CABINET | HEART GARLAND RUSTIC PADDED | HAND WARMER RED LOVE HEART,LUNCH BAG  BLACK SKULL.,LUNCH BAG PINK POLKADOT,0.5212,8.7112,0.0266
575077,10,SQUARE CHERRY BLOSSOM CABINET | HEART GARLAND RUSTIC PADDED | HAND WARMER RED LOVE HEART,LUNCH BAG RED RETROSPOT,LUNCH BAG PINK POLKADOT,0.5554,8.255,0.0283
575077,10,SQUARE CHERRY BLOSSOM CABINET | HEART GARLAND RUSTIC PADDED | HAND WARMER RED LOVE HEART,LUNCH BAG SUKI DESIGN,LUNCH BAG CARS BLUE,0.4116,8.1949,0.0218
539415,9,PARTY INVITES SPACEMAN | MINI JIGSAW SPACEBOY | CHILDS BREAKFAST SET SPACEBOY,LUNCH BAG WOODLAND,LUNCH BAG SPACEBOY DESIGN,0.3963,9.7884,0.0208
539415,9,PARTY INVITES SPACEMAN | MINI JIGSAW SPACEBOY | CHILDS BREAKFAST SET SPACEBOY,LUNCH BAG SUKI DESIGN,LUNCH BAG SPACEBOY DESIGN,0.3986,7.9372,0.0209
539415,9,PARTY INVITES SPACEMAN | MINI JIGSAW SPACEBOY | CHILDS BREAKFAST SET SPACEBOY,LUNCH BAG CARS BLUE,LUNCH BAG SPACEBOY DESIGN,0.4158,7.8475,0.0218
581486,16,JUMBO BAG VINTAGE DOILY | PACK OF 12 TRADITIONAL CRAYONS | JUMBO BAG ALPHABET,ALARM CLOCK BAKELIKE GREEN,ALARM CLOCK BAKELIKE RED,0.5989,14.4493,0.0273
581486,16,JUMBO BAG VINTAGE DOILY | PACK OF 12 TRADITIONAL CRAYONS | JUMBO BAG ALPHABET,JUMBO BAG STRAWBERRY,JUMBO BAG RED RETROSPOT,0.273,7.3055,0.0237
581486,16,JUMBO BAG VINTAGE DOILY | PACK OF 12 TRADITIONAL CRAYONS | JUMBO BAG ALPHABET,JUMBO BAG PINK POLKADOT,JUMBO BAG RED RETROSPOT,0.3497,7.1686,0.0304
578301,14,HOME BUILDING BLOCK WORD | SMALL GLASS HEART TRINKET POT | YOU'RE CONFUSING ME METAL SIGN,HEART OF WICKER LARGE,HEART OF WICKER SMALL,0.4289,9.0254,0.0239
557326,20,STRAWBERRY CERAMIC TRINKET BOX | RED RETROSPOT BUTTER DISH | ALARM CLOCK BAKELIKE RED,GARDENERS KNEELING PAD CUP OF TEA,GARDENERS KNEELING PAD KEEP CALM,0.6173,16.3872,0.0275
557326,20,STRAWBERRY CERAMIC TRINKET BOX | RED RETROSPOT BUTTER DISH | ALARM CLOCK BAKELIKE RED,JUMBO BAG RED RETROSPOT,JUMBO STORAGE BAG SUKI,0.5667,6.5188,0.0245
571944,21,GINGHAM HEART DECORATION | JAZZ HEARTS ADDRESS BOOK | CHILDREN'S APRON DOLLY GIRL,LUNCH BAG PINK POLKADOT,LUNCH BAG CARS BLUE,0.449,8.8133,0.0238
571944,21,GINGHAM HEART DECORATION | JAZZ HEARTS ADDRESS BOOK | CHILDREN'S APRON DOLLY GIRL,LUNCH BAG SUKI DESIGN,LUNCH BAG CARS BLUE,0.4116,8.1949,0.0218
571944,21,GINGHAM HEART DECORATION | JAZZ HEARTS ADDRESS BOOK | CHILDREN'S APRON DOLLY GIRL,LUNCH BAG SPACEBOY DESIGN,LUNCH BAG CARS BLUE,0.4116,7.8475,0.0218
539985,14,RETROSPOT RED WASHING UP GLOVES | RECIPE BOX RETROSPOT | RED RETROSPOT CAKE STAND,RED HANGING HEART T-LIGHT HOLDER,WHITE HANGING HEART T-LIGHT HOLDER,0.2272,5.8903,0.0257
551428,12,HOME BUILDING BLOCK WORD | AREA PATROLLED METAL SIGN | SMALL GLASS HEART TRINKET POT,WOODEN FRAME ANTIQUE WHITE,WOODEN PICTURE FRAME WHITE FINISH,0.5363,11.3868,0.0275
563167,23,SET/6 FRUIT SALAD  PAPER PLATES | RED RETROSPOT CUP | SET/20 STRAWBERRY PAPER NAPKINS,JUMBO BAG RED RETROSPOT,JUMBO  BAG BAROQUE BLACK WHITE,0.5543,6.3767,0.0208
556926,47,WOODEN UNION JACK BUNTING | EGG FRYING PAN PINK | PARTY CONES CANDY ASSORTED,HEART OF WICKER SMALL,HEART OF WICKER LARGE,0.5032,9.0254,0.0239
555602,17,SET OF 2 TINS JARDIN DE PROVENCE | BROCANTE SHELF WITH HOOKS | 3 HOOK PHOTO SHELF ANTIQUE WHITE,GARDENERS KNEELING PAD KEEP CALM,GARDENERS KNEELING PAD CUP OF TEA,0.7305,16.3872,0.0275
555602,17,SET OF 2 TINS JARDIN DE PROVENCE | BROCANTE SHELF WITH HOOKS | 3 HOOK PHOTO SHELF ANTIQUE WHITE,PARTY BUNTING,SPOTTY BUNTING,0.3954,5.1019,0.0216
577104,11,3 DRAWER ANTIQUE WHITE WOOD CABINET | HOME BUILDING BLOCK WORD | WALL ART CAT AND BIRD,JUMBO BAG RED RETROSPOT,JUMBO BAG STRAWBERRY,0.635,7.3055,0.0237
577104,11,3 DRAWER ANTIQUE WHITE WOOD CABINET | HOME BUILDING BLOCK WORD | WALL ART CAT AND BIRD,RED HANGING HEART T-LIGHT HOLDER,WHITE HANGING HEART T-LIGHT HOLDER,0.2272,5.8903,0.0257
565154,3,LUNCH BAG RED RETROSPOT | LUNCH BAG  BLACK SKULL. | LUNCH BAG APPLE DESIGN,LUNCH BAG PINK POLKADOT,LUNCH BAG  BLACK SKULL.,0.4438,8.7112,0.0266
565154,3,LUNCH BAG RED RETROSPOT | LUNCH BAG  BLACK SKULL. | LUNCH BAG APPLE DESIGN,LUNCH BAG WOODLAND,LUNCH BAG RED RETROSPOT,0.325,8.0266,0.0219
565154,3,LUNCH BAG RED RETROSPOT | LUNCH BAG  BLACK SKULL. | LUNCH BAG APPLE DESIGN,LUNCH BAG SUKI DESIGN,LUNCH BAG  BLACK SKULL.,0.3946,7.8566,0.0236
564141,85,EMERGENCY FIRST AID TIN | SET OF 4 KNICK KNACK TINS POPPIES | PEG BAG APPLES DESIGN,GARDENERS KNEELING PAD CUP OF TEA,GARDENERS KNEELING PAD KEEP CALM,0.6173,16.3872,0.0275
564141,85,EMERGENCY FIRST AID TIN | SET OF 4 KNICK KNACK TINS POPPIES | PEG BAG APPLES DESIGN,ALARM CLOCK BAKELIKE GREEN,ALARM CLOCK BAKELIKE RED,0.5989,14.4493,0.0273
564141,85,EMERGENCY FIRST AID TIN | SET OF 4 KNICK KNACK TINS POPPIES | PEG BAG APPLES DESIGN,LUNCH BAG SPACEBOY DESIGN,LUNCH BAG WOODLAND,0.5134,9.7884,0.0208
572090,22,ANTIQUE SILVER T-LIGHT GLASS | RECYCLED ACAPULCO MAT GREEN | HOME SWEET HOME HANGING HEART,GARDENERS KNEELING PAD CUP OF TEA,GARDENERS KNEELING PAD KEEP CALM,0.6173,16.3872,0.0275
544648,10,HOME BUILDING BLOCK WORD | WOODEN PICTURE FRAME WHITE FINISH | HEART OF WICKER LARGE,HEART OF WICKER SMALL,HEART OF WICKER LARGE,0.5032,9.0254,0.0239
545655,43,STRAWBERRY CERAMIC TRINKET BOX | JAM MAKING SET PRINTED | BOX OF 24 COCKTAIL PARASOLS,LUNCH BAG WOODLAND,LUNCH BAG SPACEBOY DESIGN,0.3963,9.7884,0.0208
545655,43,STRAWBERRY CERAMIC TRINKET BOX | JAM MAKING SET PRINTED | BOX OF 24 COCKTAIL PARASOLS,LUNCH BAG CARS BLUE,LUNCH BAG PINK POLKADOT,0.467,8.8133,0.0238
545655,43,STRAWBERRY CERAMIC TRINKET BOX | JAM MAKING SET PRINTED | BOX OF 24 COCKTAIL PARASOLS,LUNCH BAG  BLACK SKULL.,LUNCH BAG PINK POLKADOT,0.5212,8.7112,0.0266
547571,19,TOAST ITS - BEST MUM | RECYCLED ACAPULCO MAT TURQUOISE | RECYCLED ACAPULCO MAT GREEN,LUNCH BAG SPACEBOY DESIGN,LUNCH BAG WOODLAND,0.5134,9.7884,0.0208
547571,19,TOAST ITS - BEST MUM | RECYCLED ACAPULCO MAT TURQUOISE | RECYCLED ACAPULCO MAT GREEN,LUNCH BAG PINK POLKADOT,LUNCH BAG CARS BLUE,0.449,8.8133,0.0238
547571,19,TOAST ITS - BEST MUM | RECYCLED ACAPULCO MAT TURQUOISE | RECYCLED ACAPULCO MAT GREEN,LUNCH BAG RED RETROSPOT,LUNCH BAG WOODLAND,0.5401,8.0266,0.0219
547576,5,PACK OF 12 HEARTS DESIGN TISSUES | SET OF 6 HERB TINS SKETCHBOOK | RED RETROSPOT CHILDRENS UMBRELLA,JUMBO BAG STRAWBERRY,JUMBO BAG RED RETROSPOT,0.273,7.3055,0.0237
547576,5,PACK OF 12 HEARTS DESIGN TISSUES | SET OF 6 HERB TINS SKETCHBOOK | RED RETROSPOT CHILDRENS UMBRELLA,JUMBO BAG PINK POLKADOT,JUMBO BAG RED RETROSPOT,0.3497,7.1686,0.0304
547576,5,PACK OF 12 HEARTS DESIGN TISSUES | SET OF 6 HERB TINS SKETCHBOOK | RED RETROSPOT CHILDRENS UMBRELLA,JUMBO STORAGE BAG SUKI,JUMBO BAG RED RETROSPOT,0.282,6.5188,0.0245
572330,65,WATERING CAN GREEN DINOSAUR | WATERING CAN BLUE ELEPHANT | EDWARDIAN PARASOL RED,LUNCH BAG SPACEBOY DESIGN,LUNCH BAG WOODLAND,0.5134,9.7884,0.0208
572330,65,WATERING CAN GREEN DINOSAUR | WATERING CAN BLUE ELEPHANT | EDWARDIAN PARASOL RED,LUNCH BAG PINK POLKADOT,LUNCH BAG CARS BLUE,0.449,8.8133,0.0238
572330,65,WATERING CAN GREEN DINOSAUR | WATERING CAN BLUE ELEPHANT | EDWARDIAN PARASOL RED,JUMBO BAG RED RETROSPOT,LUNCH BAG RED RETROSPOT,0.3366,3.8723,0.0226
574100,21,6 GIFT TAGS 50'S CHRISTMAS | FELTCRAFT PRINCESS OLIVIA DOLL | PLAYING CARDS I LOVE LONDON,JUMBO BAG STRAWBERRY,JUMBO BAG RED RETROSPOT,0.273,7.3055,0.0237
574100,21,6 GIFT TAGS 50'S CHRISTMAS | FELTCRAFT PRINCESS OLIVIA DOLL | PLAYING CARDS I LOVE LONDON,JUMBO BAG PINK POLKADOT,JUMBO BAG RED RETROSPOT,0.3497,7.1686,0.0304
574100,21,6 GIFT TAGS 50'S CHRISTMAS | FELTCRAFT PRINCESS OLIVIA DOLL | PLAYING CARDS I LOVE LONDON,JUMBO STORAGE BAG SUKI,JUMBO BAG RED RETROSPOT,0.282,6.5188,0.0245
580298,31,LARGE CERAMIC TOP STORAGE JAR | WOOD STAMP SET THANK YOU | NEXT DAY CARRIAGE,ROSES REGENCY TEACUP AND SAUCER,REGENCY CAKESTAND 3 TIER,0.2496,6.1292,0.0211
561774,28,SET 2 TEA TOWELS I LOVE LONDON | ASSORTED COLOUR BIRD ORNAMENT | SET OF 4 KNICK KNACK TINS POPPIES,LUNCH BAG WOODLAND,LUNCH BAG SPACEBOY DESIGN,0.3963,9.7884,0.0208
561774,28,SET 2 TEA TOWELS I LOVE LONDON | ASSORTED COLOUR BIRD ORNAMENT | SET OF 4 KNICK KNACK TINS POPPIES,LUNCH BAG PINK POLKADOT,LUNCH BAG RED RETROSPOT,0.4205,8.255,0.0283
561774,28,SET 2 TEA TOWELS I LOVE LONDON | ASSORTED COLOUR BIRD ORNAMENT | SET OF 4 KNICK KNACK TINS POPPIES,LUNCH BAG CARS BLUE,LUNCH BAG SUKI DESIGN,0.4342,8.1949,0.0218
541850,39,FANNY'S REST STOPMETAL SIGN | SET OF 4 NAPKIN CHARMS HEARTS | CHEST OF DRAWERS GINGHAM HEART,ROSES REGENCY TEACUP AND SAUCER,REGENCY CAKESTAND 3 TIER,0.2496,6.1292,0.0211
541850,39,FANNY'S REST STOPMETAL SIGN | SET OF 4 NAPKIN CHARMS HEARTS | CHEST OF DRAWERS GINGHAM HEART,WHITE HANGING HEART T-LIGHT HOLDER,RED HANGING HEART T-LIGHT HOLDER,0.6667,5.8903,0.0257
560288,21,HOME BUILDING BLOCK WORD | RED KITCHEN SCALES | JAM MAKING SET PRINTED,GARDENERS KNEELING PAD KEEP CALM,GARDENERS KNEELING PAD CUP OF TEA,0.7305,16.3872,0.0275
546062,20,FANCY FONTS BIRTHDAY WRAP | RED KITCHEN SCALES | STRAWBERRY RAFFIA FOOD COVER,RED HANGING HEART T-LIGHT HOLDER,WHITE HANGING HEART T-LIGHT HOLDER,0.2272,5.8903,0.0257
578936,60,STRAWBERRY CHARLOTTE BAG | ROSES REGENCY TEACUP AND SAUCER | EGG FRYING PAN PINK,GARDENERS KNEELING PAD CUP OF TEA,GARDENERS KNEELING PAD KEEP CALM,0.6173,16.3872,0.0275
578936,60,STRAWBERRY CHARLOTTE BAG | ROSES REGENCY TEACUP AND SAUCER | EGG FRYING PAN PINK,LUNCH BAG CARS BLUE,LUNCH BAG SUKI DESIGN,0.4342,8.1949,0.0218
578936,60,STRAWBERRY CHARLOTTE BAG | ROSES REGENCY TEACUP AND SAUCER | EGG FRYING PAN PINK,LUNCH BAG SPACEBOY DESIGN,LUNCH BAG SUKI DESIGN,0.4163,7.9372,0.0209
552969,15,I'M ON HOLIDAY METAL SIGN | CREAM WALL PLANTER HEART SHAPED | REGENCY MILK JUG PINK,RED HANGING HEART T-LIGHT HOLDER,WHITE HANGING HEART T-LIGHT HOLDER,0.2272,5.8903,0.0257
558933,8,ALARM CLOCK BAKELIKE CHOCOLATE | REVOLVER WOODEN RULER | LE GRAND TRAY CHIC SET,JUMBO BAG RED RETROSPOT,JUMBO SHOPPER VINTAGE RED PAISLEY,0.498,5.7289,0.0224
576060,14,LARGE WHITE HEART OF WICKER | RED WOOLLY HOTTIE WHITE HEART. | PINK HANGING HEART T-LIGHT HOLDER,JUMBO BAG STRAWBERRY,JUMBO BAG RED RETROSPOT,0.273,7.3055,0.0237
576060,14,LARGE WHITE HEART OF WICKER | RED WOOLLY HOTTIE WHITE HEART. | PINK HANGING HEART T-LIGHT HOLDER,JUMBO BAG PINK POLKADOT,JUMBO BAG RED RETROSPOT,0.3497,7.1686,0.0304
576060,14,LARGE WHITE HEART OF WICKER | RED WOOLLY HOTTIE WHITE HEART. | PINK HANGING HEART T-LIGHT HOLDER,JUMBO STORAGE BAG SUKI,JUMBO BAG RED RETROSPOT,0.282,6.5188,0.0245
566851,50,HANGING SPRING FLOWER EGG SMALL | BLACK FEATHER CHRISTMAS DECORATION | CHOCOLATE HOT WATER BOTTLE,LUNCH BAG CARS BLUE,LUNCH BAG SUKI DESIGN,0.4342,8.1949,0.0218
566851,50,HANGING SPRING FLOWER EGG SMALL | BLACK FEATHER CHRISTMAS DECORATION | CHOCOLATE HOT WATER BOTTLE,LUNCH BAG SPACEBOY DESIGN,LUNCH BAG SUKI DESIGN,0.4163,7.9372,0.0209
566851,50,HANGING SPRING FLOWER EGG SMALL | BLACK FEATHER CHRISTMAS DECORATION | CHOCOLATE HOT WATER BOTTLE,LUNCH BAG  BLACK SKULL.,LUNCH BAG SUKI DESIGN,0.4701,7.8566,0.0236
574354,16,LARGE HEART MEASURING SPOONS | 3 GARDENIA MORRIS BOXED CANDLES | COFFEE MUG BLUE PAISLEY DESIGN,PAPER CHAIN KIT VINTAGE CHRISTMAS,PAPER CHAIN KIT 50'S CHRISTMAS,0.4624,11.3703,0.0263
553612,6,GINGHAM ROSE WRAP | ROSES REGENCY TEACUP AND SAUCER | 3 TIER CAKE TIN GREEN AND CREAM,GREEN REGENCY TEACUP AND SAUCER,ROSES REGENCY TEACUP AND SAUCER,0.5029,20.723,0.0205
553612,6,GINGHAM ROSE WRAP | ROSES REGENCY TEACUP AND SAUCER | 3 TIER CAKE TIN GREEN AND CREAM,PINK REGENCY TEACUP AND SAUCER,ROSES REGENCY TEACUP AND SAUCER,0.5029,20.723,0.0205
553612,6,GINGHAM ROSE WRAP | ROSES REGENCY TEACUP AND SAUCER | 3 TIER CAKE TIN GREEN AND CREAM,REGENCY CAKESTAND 3 TIER,ROSES REGENCY TEACUP AND SAUCER,0.5192,6.1292,0.0211
579672,30,RED KITCHEN SCALES | SET OF 36 DINOSAUR PAPER DOILIES | ALARM CLOCK BAKELIKE RED,ROSES REGENCY TEACUP AND SAUCER,REGENCY CAKESTAND 3 TIER,0.2496,6.1292,0.0211
566279,46,SILVER GLITTER FLOWER VOTIVE HOLDER | NATURAL SLATE RECTANGLE CHALKBOARD | DECORATIVE WICKER HEART MEDIUM,RED HANGING HEART T-LIGHT HOLDER,WHITE HANGING HEART T-LIGHT HOLDER,0.2272,5.8903,0.0257
576567,12,KEY RING BASEBALL BOOT ASSORTED | ROLL WRAP VINTAGE SPOT | SLEEPING CAT ERASERS,PAPER CHAIN KIT VINTAGE CHRISTMAS,PAPER CHAIN KIT 50'S CHRISTMAS,0.4624,11.3703,0.0263
541659,10,3 HOOK PHOTO SHELF ANTIQUE WHITE | IVORY HANGING DECORATION  BIRD | NATURAL SLATE HEART CHALKBOARD,WOODEN PICTURE FRAME WHITE FINISH,WOODEN FRAME ANTIQUE WHITE,0.5842,11.3868,0.0275
541659,10,3 HOOK PHOTO SHELF ANTIQUE WHITE | IVORY HANGING DECORATION  BIRD | NATURAL SLATE HEART CHALKBOARD,HEART OF WICKER LARGE,HEART OF WICKER SMALL,0.4289,9.0254,0.0239
541659,10,3 HOOK PHOTO SHELF ANTIQUE WHITE | IVORY HANGING DECORATION  BIRD | NATURAL SLATE HEART CHALKBOARD,WHITE HANGING HEART T-LIGHT HOLDER,RED HANGING HEART T-LIGHT HOLDER,0.6667,5.8903,0.0257
563441,16,LARGE WHITE HEART OF WICKER | WHITE WICKER STAR | SMALL PARISIENNE HEART PHOTO FRAME,RED HANGING HEART T-LIGHT HOLDER,WHITE HANGING HEART T-LIGHT HOLDER,0.2272,5.8903,0.0257
551283,66,STRAWBERRY CERAMIC TRINKET BOX | FANCY FONTS BIRTHDAY WRAP | FUNKY DIVA PEN,ALARM CLOCK BAKELIKE GREEN,ALARM CLOCK BAKELIKE RED,0.5989,14.4493,0.0273
551283,66,STRAWBERRY CERAMIC TRINKET BOX | FANCY FONTS BIRTHDAY WRAP | FUNKY DIVA PEN,RED HANGING HEART T-LIGHT HOLDER,WHITE HANGING HEART T-LIGHT HOLDER,0.2272,5.8903,0.0257
551283,66,STRAWBERRY CERAMIC TRINKET BOX | FANCY FONTS BIRTHDAY WRAP | FUNKY DIVA PEN,SPOTTY BUNTING,PARTY BUNTING,0.2783,5.1019,0.0216
575410,17,HOT WATER BOTTLE TEA AND SYMPATHY | ALARM CLOCK BAKELIKE PINK | JUMBO BAG SCANDINAVIAN BLUE PAISLEY,JUMBO BAG STRAWBERRY,JUMBO BAG RED RETROSPOT,0.273,7.3055,0.0237
575410,17,HOT WATER BOTTLE TEA AND SYMPATHY | ALARM CLOCK BAKELIKE PINK | JUMBO BAG SCANDINAVIAN BLUE PAISLEY,JUMBO BAG PINK POLKADOT,JUMBO BAG RED RETROSPOT,0.3497,7.1686,0.0304
575410,17,HOT WATER BOTTLE TEA AND SYMPATHY | ALARM CLOCK BAKELIKE PINK | JUMBO BAG SCANDINAVIAN BLUE PAISLEY,JUMBO STORAGE BAG SUKI,JUMBO BAG RED RETROSPOT,0.282,6.5188,0.0245
561879,34,RED RETROSPOT WRAP | STRAWBERRY RAFFIA FOOD COVER | SET OF 36 DOILIES PANTRY DESIGN,ALARM CLOCK BAKELIKE RED,ALARM CLOCK BAKELIKE GREEN,0.658,14.4493,0.0273
577831,19,STRAWBERRY CHARLOTTE BAG | CHARLOTTE BAG SUKI DESIGN | JUMBO BAG RED RETROSPOT,LUNCH BAG PINK POLKADOT,LUNCH BAG  BLACK SKULL.,0.4438,8.7112,0.0266
577831,19,STRAWBERRY CHARLOTTE BAG | CHARLOTTE BAG SUKI DESIGN | JUMBO BAG RED RETROSPOT,LUNCH BAG CARS BLUE,LUNCH BAG SUKI DESIGN,0.4342,8.1949,0.0218
577831,19,STRAWBERRY CHARLOTTE BAG | CHARLOTTE BAG SUKI DESIGN | JUMBO BAG RED RETROSPOT,JUMBO BAG STRAWBERRY,JUMBO BAG RED RETROSPOT,0.273,7.3055,0.0237
563551,28,SET 6 PAPER TABLE LANTERN STARS | SPACEBOY BEAKER | RETROSPOT TEA SET CERAMIC 11 PC,LUNCH BAG RED RETROSPOT,LUNCH BAG APPLE DESIGN,0.4464,6.6343,0.02
563551,28,SET 6 PAPER TABLE LANTERN STARS | SPACEBOY BEAKER | RETROSPOT TEA SET CERAMIC 11 PC,SPOTTY BUNTING,PARTY BUNTING,0.2783,5.1019,0.0216
548492,36,PACK OF 60 DINOSAUR CAKE CASES | WOODEN UNION JACK BUNTING | LOVE LARGE WOOD LETTERS,LUNCH BAG WOODLAND,LUNCH BAG SPACEBOY DESIGN,0.3963,9.7884,0.0208
548492,36,PACK OF 60 DINOSAUR CAKE CASES | WOODEN UNION JACK BUNTING | LOVE LARGE WOOD LETTERS,LUNCH BAG PINK POLKADOT,LUNCH BAG CARS BLUE,0.449,8.8133,0.0238
548492,36,PACK OF 60 DINOSAUR CAKE CASES | WOODEN UNION JACK BUNTING | LOVE LARGE WOOD LETTERS,LUNCH BAG SUKI DESIGN,LUNCH BAG CARS BLUE,0.4116,8.1949,0.0218
552453,24,JUMBO BAG STRAWBERRY | JUMBO BAG APPLES | LUNCH BAG PINK POLKADOT,LUNCH BAG  BLACK SKULL.,LUNCH BAG PINK POLKADOT,0.5212,8.7112,0.0266
552453,24,JUMBO BAG STRAWBERRY | JUMBO BAG APPLES | LUNCH BAG PINK POLKADOT,LUNCH BAG SUKI DESIGN,LUNCH BAG CARS BLUE,0.4116,8.1949,0.0218
552453,24,JUMBO BAG STRAWBERRY | JUMBO BAG APPLES | LUNCH BAG PINK POLKADOT,JUMBO STORAGE BAG SUKI,JUMBO BAG RED RETROSPOT,0.282,6.5188,0.0245
569139,23,LETTER HOLDER HOME SWEET HOME | STRAWBERRY CERAMIC TRINKET BOX | ANTIQUE SILVER T-LIGHT GLASS,HEART OF WICKER LARGE,HEART OF WICKER SMALL,0.4289,9.0254,0.0239
569139,23,LETTER HOLDER HOME SWEET HOME | STRAWBERRY CERAMIC TRINKET BOX | ANTIQUE SILVER T-LIGHT GLASS,ROSES REGENCY TEACUP AND SAUCER,REGENCY CAKESTAND 3 TIER,0.2496,6.1292,0.0211
569139,23,LETTER HOLDER HOME SWEET HOME | STRAWBERRY CERAMIC TRINKET BOX | ANTIQUE SILVER T-LIGHT GLASS,RED HANGING HEART T-LIGHT HOLDER,WHITE HANGING HEART T-LIGHT HOLDER,0.2272,5.8903,0.0257
559204,6,RED RETROSPOT PICNIC BAG | JUMBO BAG STRAWBERRY | LUNCH BAG CARS BLUE,LUNCH BAG PINK POLKADOT,LUNCH BAG CARS BLUE,0.449,8.8133,0.0238
559204,6,RED RETROSPOT PICNIC BAG | JUMBO BAG STRAWBERRY | LUNCH BAG CARS BLUE,LUNCH BAG SUKI DESIGN,LUNCH BAG CARS BLUE,0.4116,8.1949,0.0218
559204,6,RED RETROSPOT PICNIC BAG | JUMBO BAG STRAWBERRY | LUNCH BAG CARS BLUE,LUNCH BAG SPACEBOY DESIGN,LUNCH BAG CARS BLUE,0.4116,7.8475,0.0218
553585,25,FANCY FONTS BIRTHDAY WRAP | RED RETROSPOT WRAP | SNOWSTORM PHOTO FRAME FRIDGE MAGNET,LUNCH BAG PINK POLKADOT,LUNCH BAG RED RETROSPOT,0.4205,8.255,0.0283
553585,25,FANCY FONTS BIRTHDAY WRAP | RED RETROSPOT WRAP | SNOWSTORM PHOTO FRAME FRIDGE MAGNET,LUNCH BAG WOODLAND,LUNCH BAG RED RETROSPOT,0.325,8.0266,0.0219
553585,25,FANCY FONTS BIRTHDAY WRAP | RED RETROSPOT WRAP | SNOWSTORM PHOTO FRAME FRIDGE MAGNET,LUNCH BAG SUKI DESIGN,LUNCH BAG RED RETROSPOT,0.3661,7.289,0.0246
579467,15,SET/5 RED RETROSPOT LID GLASS BOWLS | 3 HOOK PHOTO SHELF ANTIQUE WHITE | JUMBO BAG VINTAGE DOILY,JUMBO BAG STRAWBERRY,JUMBO BAG RED RETROSPOT,0.273,7.3055,0.0237
579467,15,SET/5 RED RETROSPOT LID GLASS BOWLS | 3 HOOK PHOTO SHELF ANTIQUE WHITE | JUMBO BAG VINTAGE DOILY,JUMBO BAG PINK POLKADOT,JUMBO BAG RED RETROSPOT,0.3497,7.1686,0.0304
579467,15,SET/5 RED RETROSPOT LID GLASS BOWLS | 3 HOOK PHOTO SHELF ANTIQUE WHITE | JUMBO BAG VINTAGE DOILY,JUMBO STORAGE BAG SUKI,JUMBO BAG RED RETROSPOT,0.282,6.5188,0.0245
569740,15,JUMBO BAG SCANDINAVIAN BLUE PAISLEY | JUMBO BAG VINTAGE CHRISTMAS | JUMBO BAG STRAWBERRY,JUMBO BAG PINK POLKADOT,JUMBO BAG RED RETROSPOT,0.3497,7.1686,0.0304
569740,15,JUMBO BAG SCANDINAVIAN BLUE PAISLEY | JUMBO BAG VINTAGE CHRISTMAS | JUMBO BAG STRAWBERRY,JUMBO STORAGE BAG SUKI,JUMBO BAG RED RETROSPOT,0.282,6.5188,0.0245
569740,15,JUMBO BAG SCANDINAVIAN BLUE PAISLEY | JUMBO BAG VINTAGE CHRISTMAS | JUMBO BAG STRAWBERRY,LUNCH BAG RED RETROSPOT,JUMBO BAG RED RETROSPOT,0.2605,3.8723,0.0226
570896,5,VINTAGE CREAM 3 BASKET CAKE STAND | HOME SWEET HOME BLACKBOARD | SET OF 3 CAKE TINS PANTRY DESIGN,WOODEN PICTURE FRAME WHITE FINISH,WOODEN FRAME ANTIQUE WHITE,0.5842,11.3868,0.0275
570896,5,VINTAGE CREAM 3 BASKET CAKE STAND | HOME SWEET HOME BLACKBOARD | SET OF 3 CAKE TINS PANTRY DESIGN,JUMBO BAG STRAWBERRY,JUMBO BAG RED RETROSPOT,0.273,7.3055,0.0237
570896,5,VINTAGE CREAM 3 BASKET CAKE STAND | HOME SWEET HOME BLACKBOARD | SET OF 3 CAKE TINS PANTRY DESIGN,JUMBO BAG PINK POLKADOT,JUMBO BAG RED RETROSPOT,0.3497,7.1686,0.0304
551056,55,HOME BUILDING BLOCK WORD | FANCY FONTS BIRTHDAY WRAP | CITRONELLA CANDLE FLOWERPOT,JUMBO BAG STRAWBERRY,JUMBO BAG RED RETROSPOT,0.273,7.3055,0.0237
551056,55,HOME BUILDING BLOCK WORD | FANCY FONTS BIRTHDAY WRAP | CITRONELLA CANDLE FLOWERPOT,JUMBO STORAGE BAG SUKI,JUMBO BAG RED RETROSPOT,0.282,6.5188,0.0245
551056,55,HOME BUILDING BLOCK WORD | FANCY FONTS BIRTHDAY WRAP | CITRONELLA CANDLE FLOWERPOT,JUMBO SHOPPER VINTAGE RED PAISLEY,JUMBO BAG RED RETROSPOT,0.2578,5.7289,0.0224
553872,20,BOX OF 6 ASSORTED COLOUR TEASPOONS | WOOD BLACK BOARD ANT WHITE FINISH | SAVE THE PLANET MUG,HEART OF WICKER LARGE,HEART OF WICKER SMALL,0.4289,9.0254,0.0239
553872,20,BOX OF 6 ASSORTED COLOUR TEASPOONS | WOOD BLACK BOARD ANT WHITE FINISH | SAVE THE PLANET MUG,LUNCH BAG PINK POLKADOT,LUNCH BAG CARS BLUE,0.449,8.8133,0.0238
553872,20,BOX OF 6 ASSORTED COLOUR TEASPOONS | WOOD BLACK BOARD ANT WHITE FINISH | SAVE THE PLANET MUG,LUNCH BAG SUKI DESIGN,LUNCH BAG CARS BLUE,0.4116,8.1949,0.0218
560930,26,LIPSTICK PEN BABY PINK | VINTAGE BEAD PINK SCARF | YOU'RE CONFUSING ME METAL SIGN,GARDENERS KNEELING PAD CUP OF TEA,GARDENERS KNEELING PAD KEEP CALM,0.6173,16.3872,0.0275
557799,44,HEADS AND TAILS SPORTING FUN | 12 MESSAGE CARDS WITH ENVELOPES | JAM MAKING SET PRINTED,LUNCH BAG PINK POLKADOT,LUNCH BAG RED RETROSPOT,0.4205,8.255,0.0283
557799,44,HEADS AND TAILS SPORTING FUN | 12 MESSAGE CARDS WITH ENVELOPES | JAM MAKING SET PRINTED,LUNCH BAG WOODLAND,LUNCH BAG RED RETROSPOT,0.325,8.0266,0.0219
557799,44,HEADS AND TAILS SPORTING FUN | 12 MESSAGE CARDS WITH ENVELOPES | JAM MAKING SET PRINTED,LUNCH BAG SUKI DESIGN,LUNCH BAG RED RETROSPOT,0.3661,7.289,0.0246
544568,48,PINK 3 PIECE POLKADOT CUTLERY SET | RED RETROSPOT WRAP | SET OF 36 DOILIES SPACEBOY DESIGN,LUNCH BAG WOODLAND,LUNCH BAG SPACEBOY DESIGN,0.3963,9.7884,0.0208
544568,48,PINK 3 PIECE POLKADOT CUTLERY SET | RED RETROSPOT WRAP | SET OF 36 DOILIES SPACEBOY DESIGN,LUNCH BAG SUKI DESIGN,LUNCH BAG SPACEBOY DESIGN,0.3986,7.9372,0.0209
544568,48,PINK 3 PIECE POLKADOT CUTLERY SET | RED RETROSPOT WRAP | SET OF 36 DOILIES SPACEBOY DESIGN,LUNCH BAG CARS BLUE,LUNCH BAG SPACEBOY DESIGN,0.4158,7.8475,0.0218
547567,26,TOY TIDY DOLLY GIRL DESIGN | SAVE THE PLANET MUG | FELTCRAFT 6 FLOWER FRIENDS,JUMBO BAG RED RETROSPOT,JUMBO SHOPPER VINTAGE RED PAISLEY,0.498,5.7289,0.0224
547567,26,TOY TIDY DOLLY GIRL DESIGN | SAVE THE PLANET MUG | FELTCRAFT 6 FLOWER FRIENDS,SPOTTY BUNTING,PARTY BUNTING,0.2783,5.1019,0.0216
556304,16,LUNCH BAG RED RETROSPOT | RED RETROSPOT PICNIC BAG | STRAWBERRY   PICNIC BAG,LUNCH BAG  BLACK SKULL.,LUNCH BAG PINK POLKADOT,0.5212,8.7112,0.0266
556304,16,LUNCH BAG RED RETROSPOT | RED RETROSPOT PICNIC BAG | STRAWBERRY   PICNIC BAG,LUNCH BAG SUKI DESIGN,LUNCH BAG CARS BLUE,0.4116,8.1949,0.0218
556304,16,LUNCH BAG RED RETROSPOT | RED RETROSPOT PICNIC BAG | STRAWBERRY   PICNIC BAG,JUMBO BAG RED RETROSPOT,LUNCH BAG RED RETROSPOT,0.3366,3.8723,0.0226
577086,14,FAIRY CAKE FLANNEL ASSORTED COLOUR | 50'S CHRISTMAS GIFT BAG LARGE | 200 RED + WHITE BENDY STRAWS,PAPER CHAIN KIT VINTAGE CHRISTMAS,PAPER CHAIN KIT 50'S CHRISTMAS,0.4624,11.3703,0.0263
577086,14,FAIRY CAKE FLANNEL ASSORTED COLOUR | 50'S CHRISTMAS GIFT BAG LARGE | 200 RED + WHITE BENDY STRAWS,JUMBO BAG STRAWBERRY,JUMBO BAG RED RETROSPOT,0.273,7.3055,0.0237
577086,14,FAIRY CAKE FLANNEL ASSORTED COLOUR | 50'S CHRISTMAS GIFT BAG LARGE | 200 RED + WHITE BENDY STRAWS,JUMBO BAG PINK POLKADOT,JUMBO BAG RED RETROSPOT,0.3497,7.1686,0.0304
569232,32,"FEATHER PEN,COAL BLACK | EDWARDIAN PARASOL RED | FAIRY CAKE DESIGN UMBRELLA",PAPER CHAIN KIT VINTAGE CHRISTMAS,PAPER CHAIN KIT 50'S CHRISTMAS,0.4624,11.3703,0.0263
569232,32,"FEATHER PEN,COAL BLACK | EDWARDIAN PARASOL RED | FAIRY CAKE DESIGN UMBRELLA",LUNCH BAG PINK POLKADOT,LUNCH BAG  BLACK SKULL.,0.4438,8.7112,0.0266
569232,32,"FEATHER PEN,COAL BLACK | EDWARDIAN PARASOL RED | FAIRY CAKE DESIGN UMBRELLA",LUNCH BAG SUKI DESIGN,LUNCH BAG  BLACK SKULL.,0.3946,7.8566,0.0236
561633,8,REGENCY MILK JUG PINK | ROSES REGENCY TEACUP AND SAUCER | SET OF 3 REGENCY CAKE TINS,GREEN REGENCY TEACUP AND SAUCER,ROSES REGENCY TEACUP AND SAUCER,0.5029,20.723,0.0205
561633,8,REGENCY MILK JUG PINK | ROSES REGENCY TEACUP AND SAUCER | SET OF 3 REGENCY CAKE TINS,PINK REGENCY TEACUP AND SAUCER,ROSES REGENCY TEACUP AND SAUCER,0.5029,20.723,0.0205
573772,24,HAND WARMER UNION JACK | ROLL WRAP 50'S CHRISTMAS | STRAWBERRY LUNCH BOX WITH CUTLERY,SPOTTY BUNTING,PARTY BUNTING,0.2783,5.1019,0.0216
552727,33,PICNIC BASKET WICKER LARGE | JUMBO BAG STRAWBERRY | GREEN METAL BOX TOP SECRET,ALARM CLOCK BAKELIKE GREEN,ALARM CLOCK BAKELIKE RED,0.5989,14.4493,0.0273
552727,33,PICNIC BASKET WICKER LARGE | JUMBO BAG STRAWBERRY | GREEN METAL BOX TOP SECRET,JUMBO BAG RED RETROSPOT,JUMBO BAG STRAWBERRY,0.635,7.3055,0.0237
552727,33,PICNIC BASKET WICKER LARGE | JUMBO BAG STRAWBERRY | GREEN METAL BOX TOP SECRET,ROSES REGENCY TEACUP AND SAUCER,REGENCY CAKESTAND 3 TIER,0.2496,6.1292,0.0211
541842,28,12 MESSAGE CARDS WITH ENVELOPES | JAM MAKING SET PRINTED | BABY BOOM RIBBONS,WHITE HANGING HEART T-LIGHT HOLDER,RED HANGING HEART T-LIGHT HOLDER,0.6667,5.8903,0.0257
538662,46,LAVENDER INCENSE IN TIN | ROSE 3 WICK MORRIS BOX CANDLE | VINTAGE BLUE KITCHEN CABINET,LUNCH BAG SPACEBOY DESIGN,LUNCH BAG WOODLAND,0.5134,9.7884,0.0208
538662,46,LAVENDER INCENSE IN TIN | ROSE 3 WICK MORRIS BOX CANDLE | VINTAGE BLUE KITCHEN CABINET,LUNCH BAG PINK POLKADOT,LUNCH BAG  BLACK SKULL.,0.4438,8.7112,0.0266
538662,46,LAVENDER INCENSE IN TIN | ROSE 3 WICK MORRIS BOX CANDLE | VINTAGE BLUE KITCHEN CABINET,LUNCH BAG SUKI DESIGN,LUNCH BAG  BLACK SKULL.,0.3946,7.8566,0.0236
537387,14,HOT WATER BOTTLE TEA AND SYMPATHY | MULTI COLOUR SILVER T-LIGHT HOLDER | WHITE METAL LANTERN,ROSES REGENCY TEACUP AND SAUCER,REGENCY CAKESTAND 3 TIER,0.2496,6.1292,0.0211
553220,31,RED RETROSPOT BUTTER DISH | ASSORTED COLOUR BIRD ORNAMENT | HOME SWEET HOME MUG,LUNCH BAG PINK POLKADOT,LUNCH BAG  BLACK SKULL.,0.4438,8.7112,0.0266
553220,31,RED RETROSPOT BUTTER DISH | ASSORTED COLOUR BIRD ORNAMENT | HOME SWEET HOME MUG,LUNCH BAG SUKI DESIGN,LUNCH BAG  BLACK SKULL.,0.3946,7.8566,0.0236
553220,31,RED RETROSPOT BUTTER DISH | ASSORTED COLOUR BIRD ORNAMENT | HOME SWEET HOME MUG,LUNCH BAG CARS BLUE,LUNCH BAG  BLACK SKULL.,0.4036,7.6174,0.0241
537769,45,BROWN CHECK CAT DOORSTOP | SKULL LUNCH BOX WITH CUTLERY | SET/4 BUTTERFLY MIRROR MAGNETS,HEART OF WICKER SMALL,HEART OF WICKER LARGE,0.5032,9.0254,0.0239
557968,13,MINT DINER WALL CLOCK | PINK DINER WALL CLOCK | WHITE SPOT BLUE CERAMIC DRAWER KNOB,ROSES REGENCY TEACUP AND SAUCER,GREEN REGENCY TEACUP AND SAUCER,0.5572,24.2167,0.0205
557968,13,MINT DINER WALL CLOCK | PINK DINER WALL CLOCK | WHITE SPOT BLUE CERAMIC DRAWER KNOB,PINK REGENCY TEACUP AND SAUCER,GREEN REGENCY TEACUP AND SAUCER,0.5572,24.2167,0.0205
557968,13,MINT DINER WALL CLOCK | PINK DINER WALL CLOCK | WHITE SPOT BLUE CERAMIC DRAWER KNOB,SPOTTY BUNTING,PARTY BUNTING,0.2783,5.1019,0.0216
577300,32,SET/4 BIRD MIRROR MAGNETS | ROSE 3 WICK MORRIS BOX CANDLE | ANTIQUE SILVER T-LIGHT GLASS,LUNCH BAG CARS BLUE,LUNCH BAG PINK POLKADOT,0.467,8.8133,0.0238
577300,32,SET/4 BIRD MIRROR MAGNETS | ROSE 3 WICK MORRIS BOX CANDLE | ANTIQUE SILVER T-LIGHT GLASS,LUNCH BAG RED RETROSPOT,LUNCH BAG PINK POLKADOT,0.5554,8.255,0.0283
577300,32,SET/4 BIRD MIRROR MAGNETS | ROSE 3 WICK MORRIS BOX CANDLE | ANTIQUE SILVER T-LIGHT GLASS,LUNCH BAG SPACEBOY DESIGN,LUNCH BAG SUKI DESIGN,0.4163,7.9372,0.0209
575078,17,BOX OF 6 MINI VINTAGE CRACKERS | JAM MAKING SET PRINTED | JUMBO BAG VINTAGE CHRISTMAS,JUMBO BAG STRAWBERRY,JUMBO BAG RED RETROSPOT,0.273,7.3055,0.0237
575078,17,BOX OF 6 MINI VINTAGE CRACKERS | JAM MAKING SET PRINTED | JUMBO BAG VINTAGE CHRISTMAS,JUMBO BAG PINK POLKADOT,JUMBO BAG RED RETROSPOT,0.3497,7.1686,0.0304
575078,17,BOX OF 6 MINI VINTAGE CRACKERS | JAM MAKING SET PRINTED | JUMBO BAG VINTAGE CHRISTMAS,JUMBO STORAGE BAG SUKI,JUMBO BAG RED RETROSPOT,0.282,6.5188,0.0245
544839,32,JUMBO BAG SCANDINAVIAN PAISLEY | VINTAGE UNION JACK SHOPPING BAG | DOORMAT FAIRY CAKE,HEART OF WICKER LARGE,HEART OF WICKER SMALL,0.4289,9.0254,0.0239
544839,32,JUMBO BAG SCANDINAVIAN PAISLEY | VINTAGE UNION JACK SHOPPING BAG | DOORMAT FAIRY CAKE,JUMBO BAG STRAWBERRY,JUMBO BAG RED RETROSPOT,0.273,7.3055,0.0237
544839,32,JUMBO BAG SCANDINAVIAN PAISLEY | VINTAGE UNION JACK SHOPPING BAG | DOORMAT FAIRY CAKE,JUMBO STORAGE BAG SUKI,JUMBO BAG RED RETROSPOT,0.282,6.5188,0.0245
553154,4,REGENCY TEA PLATE ROSES | REGENCY TEA PLATE PINK | REGENCY CAKESTAND 3 TIER,ROSES REGENCY TEACUP AND SAUCER,REGENCY CAKESTAND 3 TIER,0.2496,6.1292,0.0211
565781,20,ROSES REGENCY TEACUP AND SAUCER | BOX OF 24 COCKTAIL PARASOLS | TEA PARTY BIRTHDAY CARD,GREEN REGENCY TEACUP AND SAUCER,ROSES REGENCY TEACUP AND SAUCER,0.5029,20.723,0.0205
565781,20,ROSES REGENCY TEACUP AND SAUCER | BOX OF 24 COCKTAIL PARASOLS | TEA PARTY BIRTHDAY CARD,PINK REGENCY TEACUP AND SAUCER,ROSES REGENCY TEACUP AND SAUCER,0.5029,20.723,0.0205
565781,20,ROSES REGENCY TEACUP AND SAUCER | BOX OF 24 COCKTAIL PARASOLS | TEA PARTY BIRTHDAY CARD,REGENCY CAKESTAND 3 TIER,ROSES REGENCY TEACUP AND SAUCER,0.5192,6.1292,0.0211
560928,21,FUNKY DIVA PEN | ASSORTED COLOUR BIRD ORNAMENT | DRAWER KNOB CRACKLE GLAZE IVORY,LUNCH BAG PINK POLKADOT,LUNCH BAG RED RETROSPOT,0.4205,8.255,0.0283
560928,21,FUNKY DIVA PEN | ASSORTED COLOUR BIRD ORNAMENT | DRAWER KNOB CRACKLE GLAZE IVORY,LUNCH BAG CARS BLUE,LUNCH BAG SUKI DESIGN,0.4342,8.1949,0.0218
560928,21,FUNKY DIVA PEN | ASSORTED COLOUR BIRD ORNAMENT | DRAWER KNOB CRACKLE GLAZE IVORY,LUNCH BAG WOODLAND,LUNCH BAG RED RETROSPOT,0.325,8.0266,0.0219
568330,2,JUMBO BAG PINK POLKADOT | STOOL HOME SWEET HOME,JUMBO BAG RED RETROSPOT,JUMBO BAG PINK POLKADOT,0.6232,7.1686,0.0304
550560,8,JUMBO BAG RED RETROSPOT | HOMEMADE JAM SCENTED CANDLES | SET OF 3 NOTEBOOKS IN PARCEL,JUMBO BAG STRAWBERRY,JUMBO BAG RED RETROSPOT,0.273,7.3055,0.0237
550560,8,JUMBO BAG RED RETROSPOT | HOMEMADE JAM SCENTED CANDLES | SET OF 3 NOTEBOOKS IN PARCEL,JUMBO BAG PINK POLKADOT,JUMBO BAG RED RETROSPOT,0.3497,7.1686,0.0304
550560,8,JUMBO BAG RED RETROSPOT | HOMEMADE JAM SCENTED CANDLES | SET OF 3 NOTEBOOKS IN PARCEL,JUMBO STORAGE BAG SUKI,JUMBO BAG RED RETROSPOT,0.282,6.5188,0.0245
547891,19,BIRD DECORATION RED RETROSPOT | CHARLOTTE BAG SUKI DESIGN | PAPER CHAIN KIT EMPIRE,LUNCH BAG CARS BLUE,LUNCH BAG SUKI DESIGN,0.4342,8.1949,0.0218
547891,19,BIRD DECORATION RED RETROSPOT | CHARLOTTE BAG SUKI DESIGN | PAPER CHAIN KIT EMPIRE,LUNCH BAG SPACEBOY DESIGN,LUNCH BAG SUKI DESIGN,0.4163,7.9372,0.0209
547891,19,BIRD DECORATION RED RETROSPOT | CHARLOTTE BAG SUKI DESIGN | PAPER CHAIN KIT EMPIRE,LUNCH BAG  BLACK SKULL.,LUNCH BAG SUKI DESIGN,0.4701,7.8566,0.0236
541510,24,VICTORIAN SEWING BOX MEDIUM | WHITE STITCHED CUSHION COVER | GLASS CLOCHE SMALL,ROSES REGENCY TEACUP AND SAUCER,REGENCY CAKESTAND 3 TIER,0.2496,6.1292,0.0211
541510,24,VICTORIAN SEWING BOX MEDIUM | WHITE STITCHED CUSHION COVER | GLASS CLOCHE SMALL,RED HANGING HEART T-LIGHT HOLDER,WHITE HANGING HEART T-LIGHT HOLDER,0.2272,5.8903,0.0257
569222,54,RETROSPOT RED WASHING UP GLOVES | WICKER STAR | SWEETHEART RECIPE BOOK STAND,PAPER CHAIN KIT VINTAGE CHRISTMAS,PAPER CHAIN KIT 50'S CHRISTMAS,0.4624,11.3703,0.0263
559354,24,JAM MAKING SET PRINTED | WRAP I LOVE LONDON | FELTCRAFT 6 FLOWER FRIENDS,ROSES REGENCY TEACUP AND SAUCER,REGENCY CAKESTAND 3 TIER,0.2496,6.1292,0.0211
559354,24,JAM MAKING SET PRINTED | WRAP I LOVE LONDON | FELTCRAFT 6 FLOWER FRIENDS,SPOTTY BUNTING,PARTY BUNTING,0.2783,5.1019,0.0216
536569,64,CHRISTMAS LIGHTS 10 REINDEER | SET OF 4 NAPKIN CHARMS 3 KEYS | JINGLE BELLS TREE DECORATION,PAPER CHAIN KIT VINTAGE CHRISTMAS,PAPER CHAIN KIT 50'S CHRISTMAS,0.4624,11.3703,0.0263
561036,68,PAPER CHAIN KIT SKULLS | WOOD STAMP SET BEST WISHES | WOOD STAMP SET THANK YOU,LUNCH BAG PINK POLKADOT,LUNCH BAG CARS BLUE,0.449,8.8133,0.0238
561036,68,PAPER CHAIN KIT SKULLS | WOOD STAMP SET BEST WISHES | WOOD STAMP SET THANK YOU,LUNCH BAG SUKI DESIGN,LUNCH BAG CARS BLUE,0.4116,8.1949,0.0218
561036,68,PAPER CHAIN KIT SKULLS | WOOD STAMP SET BEST WISHES | WOOD STAMP SET THANK YOU,LUNCH BAG SPACEBOY DESIGN,LUNCH BAG CARS BLUE,0.4116,7.8475,0.0218
547893,5,CREAM WALL PLANTER HEART SHAPED | EDWARDIAN PARASOL RED | REGENCY CAKESTAND 3 TIER,ROSES REGENCY TEACUP AND SAUCER,REGENCY CAKESTAND 3 TIER,0.2496,6.1292,0.0211
552217,11,HOME BUILDING BLOCK WORD | PACK OF 12 HEARTS DESIGN TISSUES | LOVE BUILDING BLOCK WORD,WOODEN FRAME ANTIQUE WHITE,WOODEN PICTURE FRAME WHITE FINISH,0.5363,11.3868,0.0275
552217,11,HOME BUILDING BLOCK WORD | PACK OF 12 HEARTS DESIGN TISSUES | LOVE BUILDING BLOCK WORD,RED HANGING HEART T-LIGHT HOLDER,WHITE HANGING HEART T-LIGHT HOLDER,0.2272,5.8903,0.0257
575493,15,CHRISTMAS LIGHTS 10 REINDEER | BOX OF 6 MINI VINTAGE CRACKERS | LAUREL STAR ANTIQUE GOLD,PAPER CHAIN KIT 50'S CHRISTMAS,PAPER CHAIN KIT VINTAGE CHRISTMAS,0.6455,11.3703,0.0263
552046,24,TOXIC AREA  DOOR HANGER | EDWARDIAN HEART PHOTO FRAME | JAZZ HEARTS ADDRESS BOOK,SPOTTY BUNTING,PARTY BUNTING,0.2783,5.1019,0.0216
553158,35,STRAWBERRY CERAMIC TRINKET BOX | RECYCLED ACAPULCO MAT TURQUOISE | RETRO COFFEE MUGS ASSORTED,ALARM CLOCK BAKELIKE GREEN,ALARM CLOCK BAKELIKE RED,0.5989,14.4493,0.0273
553158,35,STRAWBERRY CERAMIC TRINKET BOX | RECYCLED ACAPULCO MAT TURQUOISE | RETRO COFFEE MUGS ASSORTED,ROSES REGENCY TEACUP AND SAUCER,REGENCY CAKESTAND 3 TIER,0.2496,6.1292,0.0211
553158,35,STRAWBERRY CERAMIC TRINKET BOX | RECYCLED ACAPULCO MAT TURQUOISE | RETRO COFFEE MUGS ASSORTED,JUMBO BAG RED RETROSPOT,JUMBO SHOPPER VINTAGE RED PAISLEY,0.498,5.7289,0.0224
541992,3,JUMBO BAG RED RETROSPOT | JUMBO BAG PINK VINTAGE PAISLEY | STRAWBERRY CERAMIC TRINKET BOX,JUMBO BAG STRAWBERRY,JUMBO BAG RED RETROSPOT,0.273,7.3055,0.0237
541992,3,JUMBO BAG RED RETROSPOT | JUMBO BAG PINK VINTAGE PAISLEY | STRAWBERRY CERAMIC TRINKET BOX,JUMBO BAG PINK POLKADOT,JUMBO BAG RED RETROSPOT,0.3497,7.1686,0.0304
541992,3,JUMBO BAG RED RETROSPOT | JUMBO BAG PINK VINTAGE PAISLEY | STRAWBERRY CERAMIC TRINKET BOX,JUMBO STORAGE BAG SUKI,JUMBO BAG RED RETROSPOT,0.282,6.5188,0.0245
577851,12,3 DRAWER ANTIQUE WHITE WOOD CABINET | HAND WARMER BIRD DESIGN | RED WOOLLY HOTTIE WHITE HEART.,WOODEN PICTURE FRAME WHITE FINISH,WOODEN FRAME ANTIQUE WHITE,0.5842,11.3868,0.0275
577851,12,3 DRAWER ANTIQUE WHITE WOOD CABINET | HAND WARMER BIRD DESIGN | RED WOOLLY HOTTIE WHITE HEART.,PAPER CHAIN KIT 50'S CHRISTMAS,PAPER CHAIN KIT VINTAGE CHRISTMAS,0.6455,11.3703,0.0263
537384,5,HAND WARMER BIRD DESIGN | HAND WARMER OWL DESIGN | HAND WARMER RED RETROSPOT,PAPER CHAIN KIT VINTAGE CHRISTMAS,PAPER CHAIN KIT 50'S CHRISTMAS,0.4624,11.3703,0.0263
573406,43,JUMBO BAG VINTAGE CHRISTMAS | GIANT 50'S CHRISTMAS CRACKER | JUMBO BAG APPLES,LUNCH BAG SPACEBOY DESIGN,LUNCH BAG WOODLAND,0.5134,9.7884,0.0208
573406,43,JUMBO BAG VINTAGE CHRISTMAS | GIANT 50'S CHRISTMAS CRACKER | JUMBO BAG APPLES,LUNCH BAG PINK POLKADOT,LUNCH BAG CARS BLUE,0.449,8.8133,0.0238
573406,43,JUMBO BAG VINTAGE CHRISTMAS | GIANT 50'S CHRISTMAS CRACKER | JUMBO BAG APPLES,JUMBO BAG STRAWBERRY,JUMBO BAG RED RETROSPOT,0.273,7.3055,0.0237
576179,18,LUNCH BAG RED RETROSPOT | STRAWBERRY CERAMIC TRINKET POT | GARDENERS KNEELING PAD KEEP CALM,LUNCH BAG PINK POLKADOT,LUNCH BAG RED RETROSPOT,0.4205,8.255,0.0283
576179,18,LUNCH BAG RED RETROSPOT | STRAWBERRY CERAMIC TRINKET POT | GARDENERS KNEELING PAD KEEP CALM,LUNCH BAG WOODLAND,LUNCH BAG RED RETROSPOT,0.325,8.0266,0.0219
576179,18,LUNCH BAG RED RETROSPOT | STRAWBERRY CERAMIC TRINKET POT | GARDENERS KNEELING PAD KEEP CALM,LUNCH BAG SUKI DESIGN,LUNCH BAG RED RETROSPOT,0.3661,7.289,0.0246
536857,17,SET 2 TEA TOWELS I LOVE LONDON | ROMANTIC PINKS RIBBONS | SCANDINAVIAN REDS RIBBONS,RED HANGING HEART T-LIGHT HOLDER,WHITE HANGING HEART T-LIGHT HOLDER,0.2272,5.8903,0.0257
545649,37,JIGSAW TREE WITH BIRDHOUSE | SET 2 TEA TOWELS I LOVE LONDON | SET OF 4 ENGLISH ROSE PLACEMATS,JUMBO BAG RED RETROSPOT,JUMBO STORAGE BAG SUKI,0.5667,6.5188,0.0245
545649,37,JIGSAW TREE WITH BIRDHOUSE | SET 2 TEA TOWELS I LOVE LONDON | SET OF 4 ENGLISH ROSE PLACEMATS,RED HANGING HEART T-LIGHT HOLDER,WHITE HANGING HEART T-LIGHT HOLDER,0.2272,5.8903,0.0257
575583,75,MINI JIGSAW PURDEY | MAGIC DRAWING SLATE CIRCUS PARADE | ROSE 3 WICK MORRIS BOX CANDLE,GARDENERS KNEELING PAD KEEP CALM,GARDENERS KNEELING PAD CUP OF TEA,0.7305,16.3872,0.0275
575583,75,MINI JIGSAW PURDEY | MAGIC DRAWING SLATE CIRCUS PARADE | ROSE 3 WICK MORRIS BOX CANDLE,LUNCH BAG PINK POLKADOT,LUNCH BAG  BLACK SKULL.,0.4438,8.7112,0.0266
575583,75,MINI JIGSAW PURDEY | MAGIC DRAWING SLATE CIRCUS PARADE | ROSE 3 WICK MORRIS BOX CANDLE,LUNCH BAG SUKI DESIGN,LUNCH BAG  BLACK SKULL.,0.3946,7.8566,0.0236
557226,16,RECIPE BOX RETROSPOT | SET OF 60 VINTAGE LEAF CAKE CASES | RED RETROSPOT BUTTER DISH,JUMBO BAG RED RETROSPOT,JUMBO BAG STRAWBERRY,0.635,7.3055,0.0237
575843,33,RED RETROSPOT WRAP | CARD BILLBOARD FONT | 15CM CHRISTMAS GLASS BALL 20 LIGHTS,JUMBO BAG STRAWBERRY,JUMBO BAG RED RETROSPOT,0.273,7.3055,0.0237
575843,33,RED RETROSPOT WRAP | CARD BILLBOARD FONT | 15CM CHRISTMAS GLASS BALL 20 LIGHTS,JUMBO BAG PINK POLKADOT,JUMBO BAG RED RETROSPOT,0.3497,7.1686,0.0304
575843,33,RED RETROSPOT WRAP | CARD BILLBOARD FONT | 15CM CHRISTMAS GLASS BALL 20 LIGHTS,JUMBO STORAGE BAG SUKI,JUMBO BAG RED RETROSPOT,0.282,6.5188,0.0245
550006,53,STRAWBERRY CHARLOTTE BAG | WOODEN UNION JACK BUNTING | WATERING CAN BLUE ELEPHANT,ALARM CLOCK BAKELIKE RED,ALARM CLOCK BAKELIKE GREEN,0.658,14.4493,0.0273
550006,53,STRAWBERRY CHARLOTTE BAG | WOODEN UNION JACK BUNTING | WATERING CAN BLUE ELEPHANT,LUNCH BAG CARS BLUE,LUNCH BAG SUKI DESIGN,0.4342,8.1949,0.0218
550006,53,STRAWBERRY CHARLOTTE BAG | WOODEN UNION JACK BUNTING | WATERING CAN BLUE ELEPHANT,LUNCH BAG SPACEBOY DESIGN,LUNCH BAG SUKI DESIGN,0.4163,7.9372,0.0209
566075,14,ENGLISH ROSE SMALL SCENTED FLOWER | 12 PENCILS TALL TUBE SKULLS | CUPID DESIGN SCENTED CANDLES,PARTY BUNTING,SPOTTY BUNTING,0.3954,5.1019,0.0216
551599,17,PICNIC BASKET WICKER LARGE | FRENCH ENAMEL WATER BASIN | ROSES REGENCY TEACUP AND SAUCER,REGENCY CAKESTAND 3 TIER,ROSES REGENCY TEACUP AND SAUCER,0.5192,6.1292,0.0211
551599,17,PICNIC BASKET WICKER LARGE | FRENCH ENAMEL WATER BASIN | ROSES REGENCY TEACUP AND SAUCER,SPOTTY BUNTING,PARTY BUNTING,0.2783,5.1019,0.0216
564735,50,AREA PATROLLED METAL SIGN | CARD DOG AND BALL | RED SHARK HELICOPTER,JUMBO BAG RED RETROSPOT,JUMBO STORAGE BAG SUKI,0.5667,6.5188,0.0245
540907,71,HOME BUILDING BLOCK WORD | PACK OF 60 DINOSAUR CAKE CASES | PINK 3 PIECE POLKADOT CUTLERY SET,PINK REGENCY TEACUP AND SAUCER,GREEN REGENCY TEACUP AND SAUCER,0.5572,24.2167,0.0205
540907,71,HOME BUILDING BLOCK WORD | PACK OF 60 DINOSAUR CAKE CASES | PINK 3 PIECE POLKADOT CUTLERY SET,LUNCH BAG WOODLAND,LUNCH BAG SPACEBOY DESIGN,0.3963,9.7884,0.0208
540907,71,HOME BUILDING BLOCK WORD | PACK OF 60 DINOSAUR CAKE CASES | PINK 3 PIECE POLKADOT CUTLERY SET,LUNCH BAG  BLACK SKULL.,LUNCH BAG PINK POLKADOT,0.5212,8.7112,0.0266
547407,2,MINT KITCHEN SCALES | REGENCY CAKESTAND 3 TIER,ROSES REGENCY TEACUP AND SAUCER,REGENCY CAKESTAND 3 TIER,0.2496,6.1292,0.0211
553703,33,HOME BUILDING BLOCK WORD | ANTIQUE SILVER T-LIGHT GLASS | AGED GLASS SILVER T-LIGHT HOLDER,LUNCH BAG SPACEBOY DESIGN,LUNCH BAG WOODLAND,0.5134,9.7884,0.0208
553703,33,HOME BUILDING BLOCK WORD | ANTIQUE SILVER T-LIGHT GLASS | AGED GLASS SILVER T-LIGHT HOLDER,LUNCH BAG PINK POLKADOT,LUNCH BAG CARS BLUE,0.449,8.8133,0.0238
553703,33,HOME BUILDING BLOCK WORD | ANTIQUE SILVER T-LIGHT GLASS | AGED GLASS SILVER T-LIGHT HOLDER,LUNCH BAG APPLE DESIGN,LUNCH BAG RED RETROSPOT,0.2973,6.6343,0.02
565459,6,VINTAGE SNAP CARDS | CAMOUFLAGE DESIGN TEDDY | TRAVEL CARD WALLET KEEP CALM,ALARM CLOCK BAKELIKE RED,ALARM CLOCK BAKELIKE GREEN,0.658,14.4493,0.0273
563722,20,ASSORTED COLOUR BIRD ORNAMENT | NATURAL SLATE RECTANGLE CHALKBOARD | DANISH ROSE BEDSIDE CABINET,ROSES REGENCY TEACUP AND SAUCER,REGENCY CAKESTAND 3 TIER,0.2496,6.1292,0.0211
562199,27,STRAWBERRY CERAMIC TRINKET BOX | JUMBO BAG STRAWBERRY | JUMBO BAG APPLES,JUMBO STORAGE BAG SUKI,JUMBO BAG RED RETROSPOT,0.282,6.5188,0.0245
562199,27,STRAWBERRY CERAMIC TRINKET BOX | JUMBO BAG STRAWBERRY | JUMBO BAG APPLES,JUMBO  BAG BAROQUE BLACK WHITE,JUMBO BAG RED RETROSPOT,0.2398,6.3767,0.0208
562199,27,STRAWBERRY CERAMIC TRINKET BOX | JUMBO BAG STRAWBERRY | JUMBO BAG APPLES,JUMBO SHOPPER VINTAGE RED PAISLEY,JUMBO BAG RED RETROSPOT,0.2578,5.7289,0.0224
547910,116,JUMBO BAG STRAWBERRY | CERAMIC HEART FAIRY CAKE MONEY BANK | RED RETROSPOT SHOPPER BAG,LUNCH BAG WOODLAND,LUNCH BAG SPACEBOY DESIGN,0.3963,9.7884,0.0208
547910,116,JUMBO BAG STRAWBERRY | CERAMIC HEART FAIRY CAKE MONEY BANK | RED RETROSPOT SHOPPER BAG,LUNCH BAG APPLE DESIGN,LUNCH BAG RED RETROSPOT,0.2973,6.6343,0.02
547910,116,JUMBO BAG STRAWBERRY | CERAMIC HEART FAIRY CAKE MONEY BANK | RED RETROSPOT SHOPPER BAG,JUMBO  BAG BAROQUE BLACK WHITE,JUMBO BAG RED RETROSPOT,0.2398,6.3767,0.0208
570230,35,BEST DAD CANDLE LETTERS | 12 MESSAGE CARDS WITH ENVELOPES | AGED GLASS SILVER T-LIGHT HOLDER,JUMBO BAG RED RETROSPOT,JUMBO SHOPPER VINTAGE RED PAISLEY,0.498,5.7289,0.0224
573483,5,SMALL GLASS HEART TRINKET POT | RABBIT NIGHT LIGHT | ANTIQUE SILVER T-LIGHT GLASS,RED HANGING HEART T-LIGHT HOLDER,WHITE HANGING HEART T-LIGHT HOLDER,0.2272,5.8903,0.0257
570088,61,STRAWBERRY CHARLOTTE BAG | DOORSTOP RETROSPOT HEART | RED RETROSPOT SHOPPER BAG,LUNCH BAG SPACEBOY DESIGN,LUNCH BAG WOODLAND,0.5134,9.7884,0.0208
570088,61,STRAWBERRY CHARLOTTE BAG | DOORSTOP RETROSPOT HEART | RED RETROSPOT SHOPPER BAG,LUNCH BAG PINK POLKADOT,LUNCH BAG CARS BLUE,0.449,8.8133,0.0238
570088,61,STRAWBERRY CHARLOTTE BAG | DOORSTOP RETROSPOT HEART | RED RETROSPOT SHOPPER BAG,LUNCH BAG SUKI DESIGN,LUNCH BAG CARS BLUE,0.4116,8.1949,0.0218
552728,3,SILVER HANGING T-LIGHT HOLDER | ASSORTED COLOUR BIRD ORNAMENT | REGENCY CAKESTAND 3 TIER,ROSES REGENCY TEACUP AND SAUCER,REGENCY CAKESTAND 3 TIER,0.2496,6.1292,0.0211
537034,73,STRAWBERRY CERAMIC TRINKET BOX | FRYING PAN PINK POLKADOT | PINK 3 PIECE POLKADOT CUTLERY SET,PAPER CHAIN KIT 50'S CHRISTMAS,PAPER CHAIN KIT VINTAGE CHRISTMAS,0.6455,11.3703,0.0263
577749,40,TOXIC AREA  DOOR HANGER | DINOSAURS  WRITING SET | WOODEN BOX ADVENT CALENDAR,ALARM CLOCK BAKELIKE RED,ALARM CLOCK BAKELIKE GREEN,0.658,14.4493,0.0273
577749,40,TOXIC AREA  DOOR HANGER | DINOSAURS  WRITING SET | WOODEN BOX ADVENT CALENDAR,LUNCH BAG SPACEBOY DESIGN,LUNCH BAG WOODLAND,0.5134,9.7884,0.0208
577749,40,TOXIC AREA  DOOR HANGER | DINOSAURS  WRITING SET | WOODEN BOX ADVENT CALENDAR,LUNCH BAG PINK POLKADOT,LUNCH BAG CARS BLUE,0.449,8.8133,0.0238
561773,52,TOILET METAL SIGN | JUMBO BAG STRAWBERRY | EMERGENCY FIRST AID TIN,LUNCH BAG PINK POLKADOT,LUNCH BAG CARS BLUE,0.449,8.8133,0.0238
561773,52,TOILET METAL SIGN | JUMBO BAG STRAWBERRY | EMERGENCY FIRST AID TIN,LUNCH BAG SUKI DESIGN,LUNCH BAG CARS BLUE,0.4116,8.1949,0.0218
561773,52,TOILET METAL SIGN | JUMBO BAG STRAWBERRY | EMERGENCY FIRST AID TIN,LUNCH BAG WOODLAND,LUNCH BAG RED RETROSPOT,0.325,8.0266,0.0219
545080,24,STRAWBERRY CHARLOTTE BAG | JUMBO BAG STRAWBERRY | GINGHAM HEART DECORATION,JUMBO BAG RED RETROSPOT,JUMBO BAG STRAWBERRY,0.635,7.3055,0.0237
543382,39,PICNIC BASKET WICKER LARGE | RETRO COFFEE MUGS ASSORTED | BROCANTE SHELF WITH HOOKS,HEART OF WICKER LARGE,HEART OF WICKER SMALL,0.4289,9.0254,0.0239
553920,13,BAKING SET 9 PIECE RETROSPOT | SET OF 4 PANTRY JELLY MOULDS | POTTING SHED TEA MUG,WOODEN FRAME ANTIQUE WHITE,WOODEN PICTURE FRAME WHITE FINISH,0.5363,11.3868,0.0275
565675,38,BROWN CHECK CAT DOORSTOP | EDWARDIAN HEART PHOTO FRAME | FANCY FONTS BIRTHDAY WRAP,REGENCY CAKESTAND 3 TIER,ROSES REGENCY TEACUP AND SAUCER,0.5192,6.1292,0.0211
565675,38,BROWN CHECK CAT DOORSTOP | EDWARDIAN HEART PHOTO FRAME | FANCY FONTS BIRTHDAY WRAP,RED HANGING HEART T-LIGHT HOLDER,WHITE HANGING HEART T-LIGHT HOLDER,0.2272,5.8903,0.0257
559128,40,JUMBO BAG APPLES | LUNCH BAG PINK POLKADOT | PLASTERS IN TIN WOODLAND ANIMALS,LUNCH BAG WOODLAND,LUNCH BAG SPACEBOY DESIGN,0.3963,9.7884,0.0208
559128,40,JUMBO BAG APPLES | LUNCH BAG PINK POLKADOT | PLASTERS IN TIN WOODLAND ANIMALS,LUNCH BAG CARS BLUE,LUNCH BAG PINK POLKADOT,0.467,8.8133,0.0238
559128,40,JUMBO BAG APPLES | LUNCH BAG PINK POLKADOT | PLASTERS IN TIN WOODLAND ANIMALS,LUNCH BAG RED RETROSPOT,LUNCH BAG PINK POLKADOT,0.5554,8.255,0.0283
557858,81,LUNCH BAG PINK POLKADOT | CHARLOTTE BAG SUKI DESIGN | ROUND SNACK BOXES SET OF 4 FRUITS,GARDENERS KNEELING PAD CUP OF TEA,GARDENERS KNEELING PAD KEEP CALM,0.6173,16.3872,0.0275
557858,81,LUNCH BAG PINK POLKADOT | CHARLOTTE BAG SUKI DESIGN | ROUND SNACK BOXES SET OF 4 FRUITS,JUMBO BAG STRAWBERRY,JUMBO BAG RED RETROSPOT,0.273,7.3055,0.0237
557858,81,LUNCH BAG PINK POLKADOT | CHARLOTTE BAG SUKI DESIGN | ROUND SNACK BOXES SET OF 4 FRUITS,JUMBO BAG PINK POLKADOT,JUMBO BAG RED RETROSPOT,0.3497,7.1686,0.0304
540043,15,HOME BUILDING BLOCK WORD | ASSORTED COLOUR BIRD ORNAMENT | CHOCOLATE HOT WATER BOTTLE,JUMBO BAG RED RETROSPOT,JUMBO STORAGE BAG SUKI,0.5667,6.5188,0.0245
540043,15,HOME BUILDING BLOCK WORD | ASSORTED COLOUR BIRD ORNAMENT | CHOCOLATE HOT WATER BOTTLE,RED HANGING HEART T-LIGHT HOLDER,WHITE HANGING HEART T-LIGHT HOLDER,0.2272,5.8903,0.0257
567171,4,JUMBO BAG RED RETROSPOT | JUMBO BAG VINTAGE DOILY | JUMBO BAG ALPHABET,JUMBO BAG STRAWBERRY,JUMBO BAG RED RETROSPOT,0.273,7.3055,0.0237
567171,4,JUMBO BAG RED RETROSPOT | JUMBO BAG VINTAGE DOILY | JUMBO BAG ALPHABET,JUMBO BAG PINK POLKADOT,JUMBO BAG RED RETROSPOT,0.3497,7.1686,0.0304
567171,4,JUMBO BAG RED RETROSPOT | JUMBO BAG VINTAGE DOILY | JUMBO BAG ALPHABET,JUMBO STORAGE BAG SUKI,JUMBO BAG RED RETROSPOT,0.282,6.5188,0.0245
